demand,phase,mask,active_guidelines,assumed_violations,penalty,exact_target,sales6,penalty_per_exact_target,penalty_per_sales6
draft,0,0,0,0,0,6025.671875,4820.5375,0.0,0.0
draft,0,1,0,0,0,8480.25,6784.200000000001,0.0,0.0
draft,0,2,0,0,0,13690.6953125,10952.55625,0.0,0.0
draft,0,3,0,0,0,13558.125,10846.5,0.0,0.0
draft,0,4,0,0,0,19095.98828125,15276.790624999998,0.0,0.0
draft,0,5,0,0,0,17860.390625,14288.3125,0.0,0.0
draft,0,6,0,0,0,20361.875,16289.5,0.0,0.0
draft,0,7,0,0,0,18950.94921875,15160.759375,0.0,0.0
draft,0,8,0,0,0,23164.515625,18531.6125,0.0,0.0
draft,0,9,0,0,0,21230.7421875,16984.59375,0.0,0.0
draft,0,10,0,0,0,23949.6015625,19159.681249999998,0.0,0.0
draft,0,11,0,0,0,21698.82421875,17359.059374999997,0.0,0.0
draft,0,12,0,0,0,27734.1015625,22187.28125,0.0,0.0
draft,0,13,0,0,0,24790.75,19832.6,0.0,0.0
draft,0,14,0,0,0,26288.51171875,21030.809375,0.0,0.0
draft,0,15,0,0,0,24142.69921875,19314.159375000003,0.0,0.0
draft,0,16,0,0,0,66691.046875,53352.8375,0.0,0.0
draft,0,17,0,0,0,55534.8671875,44427.89375,0.0,0.0
draft,0,18,0,0,0,54927.48828125,43941.990625,0.0,0.0
draft,0,19,0,0,0,47731.71875,38185.375,0.0,0.0
draft,0,20,0,0,0,56727.84375,45382.274999999994,0.0,0.0
draft,0,21,0,0,0,49389.16796875,39511.334375,0.0,0.0
draft,0,22,0,0,0,48929.890625,39143.9125,0.0,0.0
draft,0,23,0,0,0,44129.15234375,35303.321875,0.0,0.0
draft,0,24,0,0,0,64824.93750000001,51859.950000000004,0.0,0.0
draft,0,25,0,0,0,55279.03515625,44223.228125,0.0,0.0
draft,0,26,0,0,0,54533.0234375,43626.41875,0.0,0.0
draft,0,27,0,0,0,48425.3125,38740.25,0.0,0.0
draft,0,28,0,0,0,55513.515625,44410.8125,0.0,0.0
draft,0,29,0,0,0,49494.30859375,39595.446875,0.0,0.0
draft,0,30,0,0,0,49162.32421875,39329.859375,0.0,0.0
draft,0,31,0,0,0,44858.34375,35886.675,0.0,0.0
draft,0,32,0,0,0,111334.2734375,89067.41875,0.0,0.0
draft,0,33,0,0,0,90676.82421875,72541.459375,0.0,0.0
draft,0,34,0,0,0,87415.8046875,69932.64374999999,0.0,0.0
draft,0,35,0,0,0,74643.9375,59715.149999999994,0.0,0.0
draft,0,36,0,0,0,87887.6171875,70310.09375,0.0,0.0
draft,0,37,0,0,0,75289.43359375,60231.546875,0.0,0.0
draft,0,38,0,0,0,72857.22265625,58285.778125,0.0,0.0
draft,0,39,0,0,0,64862.03515625,51889.628125,0.0,0.0
draft,0,40,0,0,0,99700.62109375,79760.496875,0.0,0.0
draft,0,41,0,0,0,83610.8046875,66888.64375,0.0,0.0
draft,0,42,0,0,0,80974.1484375,64779.318750000006,0.0,0.0
draft,0,43,0,0,0,71085.6875,56868.55,0.0,0.0
draft,0,44,0,0,0,81028.4609375,64822.76875,0.0,0.0
draft,0,45,0,0,0,71115.66796875,56892.534374999996,0.0,0.0
draft,0,46,0,0,0,69512.17578125,55609.740625,0.0,0.0
draft,0,47,0,0,0,62820.640625,50256.5125,0.0,0.0
draft,0,48,0,0,0,119203.734375,95362.98749999999,0.0,0.0
draft,0,49,0,0,0,101334.58203125,81067.66562500001,0.0,0.0
draft,0,50,0,0,0,97678.5078125,78142.80625000001,0.0,0.0
draft,0,51,0,0,0,86215.30078125,68972.240625,0.0,0.0
draft,0,52,0,0,0,96775.66015625,77420.528125,0.0,0.0
draft,0,53,0,0,0,85806.38671875,68645.109375,0.0,0.0
draft,0,54,0,0,0,83730.11328125,66984.090625,0.0,0.0
draft,0,55,0,0,0,75967.8984375,60774.318750000006,0.0,0.0
draft,0,56,0,0,0,106571.15234375,85256.921875,0.0,0.0
draft,0,57,0,0,0,93190.859375,74552.6875,0.0,0.0
draft,0,58,0,0,0,90727.46484375,72581.97187499999,0.0,0.0
draft,0,59,0,0,0,81252.2421875,65001.79375,0.0,0.0
draft,0,60,0,0,0,89890.515625,71912.41249999999,0.0,0.0
draft,0,61,0,0,0,81047.0234375,64837.61875000001,0.0,0.0
draft,0,62,0,0,0,79388.38671875,63510.709375,0.0,0.0
draft,0,63,0,0,0,72802.08203125,58241.665625,0.0,0.0
draft,1,0,1,0,0,6089.80078125,4871.840625000001,0.0,0.0
draft,1,0,1,1,500,6089.80078125,4871.840625000001,0.08210449207787868,0.10263061509734833
draft,1,0,1,2,1000,6089.80078125,4871.840625000001,0.16420898415575735,0.20526123019469666
draft,1,0,1,3,1500,6089.80078125,4871.840625000001,0.24631347623363603,0.307891845292045
draft,1,0,1,6,3000,6089.80078125,4871.840625000001,0.49262695246727206,0.61578369058409
draft,1,1,1,0,0,8012.1953125,6409.75625,0.0,0.0
draft,1,1,1,1,500,8012.1953125,6409.75625,0.062404869139914644,0.0780060864248933
draft,1,1,1,2,1000,8012.1953125,6409.75625,0.12480973827982929,0.1560121728497866
draft,1,1,1,3,1500,8012.1953125,6409.75625,0.18721460741974394,0.2340182592746799
draft,1,1,1,6,3000,8012.1953125,6409.75625,0.3744292148394879,0.4680365185493598
draft,1,2,1,0,0,12904.33984375,10323.471875000001,0.0,0.0
draft,1,2,1,1,500,12904.33984375,10323.471875000001,0.03874665469556481,0.04843331836945601
draft,1,2,1,2,1000,12904.33984375,10323.471875000001,0.07749330939112963,0.09686663673891202
draft,1,2,1,3,1500,12904.33984375,10323.471875000001,0.11623996408669443,0.14529995510836802
draft,1,2,1,6,3000,12904.33984375,10323.471875000001,0.23247992817338886,0.29059991021673603
draft,1,3,1,0,0,13379.72265625,10703.778125,0.0,0.0
draft,1,3,1,1,500,13379.72265625,10703.778125,0.03736998238647627,0.04671247798309534
draft,1,3,1,2,1000,13379.72265625,10703.778125,0.07473996477295254,0.09342495596619067
draft,1,3,1,3,1500,13379.72265625,10703.778125,0.1121099471594288,0.14013743394928602
draft,1,3,1,6,3000,13379.72265625,10703.778125,0.2242198943188576,0.28027486789857203
draft,1,4,1,0,0,18273.4375,14618.75,0.0,0.0
draft,1,4,1,1,500,18273.4375,14618.75,0.027362120564343735,0.034202650705429674
draft,1,4,1,2,1000,18273.4375,14618.75,0.05472424112868747,0.06840530141085935
draft,1,4,1,3,1500,18273.4375,14618.75,0.08208636169303121,0.10260795211628901
draft,1,4,1,6,3000,18273.4375,14618.75,0.16417272338606242,0.20521590423257802
draft,1,5,1,0,0,18160.5234375,14528.418749999999,0.0,0.0
draft,1,5,1,1,500,18160.5234375,14528.418749999999,0.027532246067728465,0.03441530758466058
draft,1,5,1,2,1000,18160.5234375,14528.418749999999,0.05506449213545693,0.06883061516932117
draft,1,5,1,3,1500,18160.5234375,14528.418749999999,0.08259673820318539,0.10324592275398176
draft,1,5,1,6,3000,18160.5234375,14528.418749999999,0.16519347640637078,0.2064918455079635
draft,1,6,1,0,0,20634.55078125,16507.640625,0.0,0.0
draft,1,6,1,1,500,20634.55078125,16507.640625,0.024231203543056294,0.030289004428820366
draft,1,6,1,2,1000,20634.55078125,16507.640625,0.04846240708611259,0.06057800885764073
draft,1,6,1,3,1500,20634.55078125,16507.640625,0.07269361062916888,0.0908670132864611
draft,1,6,1,6,3000,20634.55078125,16507.640625,0.14538722125833775,0.1817340265729222
draft,1,7,1,0,0,19541.5078125,15633.206250000001,0.0,0.0
draft,1,7,1,1,500,19541.5078125,15633.206250000001,0.025586561937670334,0.031983202422087915
draft,1,7,1,2,1000,19541.5078125,15633.206250000001,0.05117312387534067,0.06396640484417583
draft,1,7,1,3,1500,19541.5078125,15633.206250000001,0.076759685813011,0.09594960726626375
draft,1,7,1,6,3000,19541.5078125,15633.206250000001,0.153519371626022,0.1918992145325275
draft,1,8,1,0,0,21433.21875,17146.574999999997,0.0,0.0
draft,1,8,1,1,500,21433.21875,17146.574999999997,0.023328274013906566,0.029160342517383215
draft,1,8,1,2,1000,21433.21875,17146.574999999997,0.04665654802781313,0.05832068503476643
draft,1,8,1,3,1500,21433.21875,17146.574999999997,0.0699848220417197,0.08748102755214965
draft,1,8,1,6,3000,21433.21875,17146.574999999997,0.1399696440834394,0.1749620551042993
draft,1,9,1,0,0,21522.44140625,17217.953125,0.0,0.0
draft,1,9,1,1,500,21522.44140625,17217.953125,0.02323156516317906,0.029039456453973822
draft,1,9,1,2,1000,21522.44140625,17217.953125,0.04646313032635812,0.058078912907947644
draft,1,9,1,3,1500,21522.44140625,17217.953125,0.06969469548953718,0.08711836936192147
draft,1,9,1,6,3000,21522.44140625,17217.953125,0.13938939097907435,0.17423673872384293
draft,1,10,1,0,0,24167.49609375,19333.996874999997,0.0,0.0
draft,1,10,1,1,500,24167.49609375,19333.996874999997,0.020688945104631914,0.025861181380789897
draft,1,10,1,2,1000,24167.49609375,19333.996874999997,0.04137789020926383,0.05172236276157979
draft,1,10,1,3,1500,24167.49609375,19333.996874999997,0.062066835313895743,0.07758354414236969
draft,1,10,1,6,3000,24167.49609375,19333.996874999997,0.12413367062779149,0.15516708828473938
draft,1,11,1,0,0,22453.0234375,17962.41875,0.0,0.0
draft,1,11,1,1,500,22453.0234375,17962.41875,0.0222687158988541,0.027835894873567624
draft,1,11,1,2,1000,22453.0234375,17962.41875,0.0445374317977082,0.05567178974713525
draft,1,11,1,3,1500,22453.0234375,17962.41875,0.0668061476965623,0.08350768462070288
draft,1,11,1,6,3000,22453.0234375,17962.41875,0.1336122953931246,0.16701536924140575
draft,1,12,1,0,0,27737.1875,22189.75,0.0,0.0
draft,1,12,1,1,500,27737.1875,22189.75,0.018026340990772768,0.022532926238465957
draft,1,12,1,2,1000,27737.1875,22189.75,0.036052681981545535,0.045065852476931914
draft,1,12,1,3,1500,27737.1875,22189.75,0.0540790229723183,0.06759877871539788
draft,1,12,1,6,3000,27737.1875,22189.75,0.1081580459446366,0.13519755743079576
draft,1,13,1,0,0,25631.15625,20504.925000000003,0.0,0.0
draft,1,13,1,1,500,25631.15625,20504.925000000003,0.01950750856196743,0.024384385702459283
draft,1,13,1,2,1000,25631.15625,20504.925000000003,0.03901501712393486,0.048768771404918566
draft,1,13,1,3,1500,25631.15625,20504.925000000003,0.05852252568590229,0.07315315710737785
draft,1,13,1,6,3000,25631.15625,20504.925000000003,0.11704505137180458,0.1463063142147557
draft,1,14,1,0,0,26837.91015625,21470.328125,0.0,0.0
draft,1,14,1,1,500,26837.91015625,21470.328125,0.018630362688041125,0.02328795336005141
draft,1,14,1,2,1000,26837.91015625,21470.328125,0.03726072537608225,0.04657590672010282
draft,1,14,1,3,1500,26837.91015625,21470.328125,0.05589108806412338,0.06986386008015423
draft,1,14,1,6,3000,26837.91015625,21470.328125,0.11178217612824676,0.13972772016030846
draft,1,15,1,0,0,25089.54296875,20071.634374999998,0.0,0.0
draft,1,15,1,1,500,25089.54296875,20071.634374999998,0.019928621283487286,0.024910776604359107
draft,1,15,1,2,1000,25089.54296875,20071.634374999998,0.03985724256697457,0.049821553208718214
draft,1,15,1,3,1500,25089.54296875,20071.634374999998,0.059785863850461855,0.07473232981307733
draft,1,15,1,6,3000,25089.54296875,20071.634374999998,0.11957172770092371,0.14946465962615466
draft,1,16,1,0,0,57510.72265625,46008.578125,0.0,0.0
draft,1,16,1,1,500,57510.72265625,46008.578125,0.00869403090252531,0.010867538628156637
draft,1,16,1,2,1000,57510.72265625,46008.578125,0.01738806180505062,0.021735077256313275
draft,1,16,1,3,1500,57510.72265625,46008.578125,0.02608209270757593,0.032602615884469915
draft,1,16,1,6,3000,57510.72265625,46008.578125,0.05216418541515186,0.06520523176893983
draft,1,17,1,0,0,53602.921875,42882.337499999994,0.0,0.0
draft,1,17,1,1,500,53602.921875,42882.337499999994,0.009327849723677027,0.011659812154596286
draft,1,17,1,2,1000,53602.921875,42882.337499999994,0.018655699447354054,0.02331962430919257
draft,1,17,1,3,1500,53602.921875,42882.337499999994,0.02798354917103108,0.03497943646378886
draft,1,17,1,6,3000,53602.921875,42882.337499999994,0.05596709834206216,0.06995887292757771
draft,1,18,1,0,0,53036.45703125,42429.165625,0.0,0.0
draft,1,18,1,1,500,53036.45703125,42429.165625,0.009427477399280109,0.011784346749100135
draft,1,18,1,2,1000,53036.45703125,42429.165625,0.018854954798560218,0.02356869349820027
draft,1,18,1,3,1500,53036.45703125,42429.165625,0.028282432197840327,0.035353040247300405
draft,1,18,1,6,3000,53036.45703125,42429.165625,0.056564864395680654,0.07070608049460081
draft,1,19,1,0,0,47853.7578125,38283.00625,0.0,0.0
draft,1,19,1,1,500,47853.7578125,38283.00625,0.010448500240233877,0.013060625300292346
draft,1,19,1,2,1000,47853.7578125,38283.00625,0.020897000480467755,0.02612125060058469
draft,1,19,1,3,1500,47853.7578125,38283.00625,0.03134550072070163,0.03918187590087704
draft,1,19,1,6,3000,47853.7578125,38283.00625,0.06269100144140326,0.07836375180175408
draft,1,20,1,0,0,53984.875,43187.9,0.0,0.0
draft,1,20,1,1,500,53984.875,43187.9,0.009261853435800306,0.01157731679475038
draft,1,20,1,2,1000,53984.875,43187.9,0.018523706871600612,0.02315463358950076
draft,1,20,1,3,1500,53984.875,43187.9,0.027785560307400915,0.03473195038425114
draft,1,20,1,6,3000,53984.875,43187.9,0.05557112061480183,0.06946390076850228
draft,1,21,1,0,0,48830.61328125,39064.490625000006,0.0,0.0
draft,1,21,1,1,500,48830.61328125,39064.490625000006,0.010239478196191122,0.012799347745238901
draft,1,21,1,2,1000,48830.61328125,39064.490625000006,0.020478956392382244,0.025598695490477802
draft,1,21,1,3,1500,48830.61328125,39064.490625000006,0.030718434588573366,0.0383980432357167
draft,1,21,1,6,3000,48830.61328125,39064.490625000006,0.06143686917714673,0.0767960864714334
draft,1,22,1,0,0,48200.0703125,38560.05625,0.0,0.0
draft,1,22,1,1,500,48200.0703125,38560.05625,0.010373428851001742,0.012966786063752176
draft,1,22,1,2,1000,48200.0703125,38560.05625,0.020746857702003484,0.025933572127504353
draft,1,22,1,3,1500,48200.0703125,38560.05625,0.031120286553005222,0.03890035819125653
draft,1,22,1,6,3000,48200.0703125,38560.05625,0.062240573106010444,0.07780071638251305
draft,1,23,1,0,0,44322.48828125,35457.990625,0.0,0.0
draft,1,23,1,1,500,44322.48828125,35457.990625,0.011280955095012523,0.014101193868765653
draft,1,23,1,2,1000,44322.48828125,35457.990625,0.022561910190025045,0.028202387737531306
draft,1,23,1,3,1500,44322.48828125,35457.990625,0.03384286528503757,0.04230358160629696
draft,1,23,1,6,3000,44322.48828125,35457.990625,0.06768573057007514,0.08460716321259391
draft,1,24,1,0,0,61036.08984375,48828.871875,0.0,0.0
draft,1,24,1,1,500,61036.08984375,48828.871875,0.008191874697084633,0.010239843371355792
draft,1,24,1,2,1000,61036.08984375,48828.871875,0.016383749394169266,0.020479686742711584
draft,1,24,1,3,1500,61036.08984375,48828.871875,0.0245756240912539,0.030719530114067375
draft,1,24,1,6,3000,61036.08984375,48828.871875,0.0491512481825078,0.06143906022813475
draft,1,25,1,0,0,54671.44921875,43737.159375,0.0,0.0
draft,1,25,1,1,500,54671.44921875,43737.159375,0.009145541359246081,0.011431926699057602
draft,1,25,1,2,1000,54671.44921875,43737.159375,0.018291082718492162,0.022863853398115204
draft,1,25,1,3,1500,54671.44921875,43737.159375,0.027436624077738246,0.0342957800971728
draft,1,25,1,6,3000,54671.44921875,43737.159375,0.05487324815547649,0.0685915601943456
draft,1,26,1,0,0,53597.45703125,42877.965625,0.0,0.0
draft,1,26,1,1,500,53597.45703125,42877.965625,0.009328800799419924,0.011661000999274905
draft,1,26,1,2,1000,53597.45703125,42877.965625,0.01865760159883985,0.02332200199854981
draft,1,26,1,3,1500,53597.45703125,42877.965625,0.02798640239825977,0.03498300299782472
draft,1,26,1,6,3000,53597.45703125,42877.965625,0.05597280479651954,0.06996600599564944
draft,1,27,1,0,0,48697.5859375,38958.06875,0.0,0.0
draft,1,27,1,1,500,48697.5859375,38958.06875,0.010267449409950538,0.012834311762438173
draft,1,27,1,2,1000,48697.5859375,38958.06875,0.020534898819901077,0.025668623524876345
draft,1,27,1,3,1500,48697.5859375,38958.06875,0.030802348229851614,0.03850293528731452
draft,1,27,1,6,3000,48697.5859375,38958.06875,0.06160469645970323,0.07700587057462904
draft,1,28,1,0,0,54027.83203125,43222.265625,0.0,0.0
draft,1,28,1,1,500,54027.83203125,43222.265625,0.009254489421504036,0.011568111776880044
draft,1,28,1,2,1000,54027.83203125,43222.265625,0.018508978843008072,0.023136223553760087
draft,1,28,1,3,1500,54027.83203125,43222.265625,0.027763468264512106,0.03470433533064013
draft,1,28,1,6,3000,54027.83203125,43222.265625,0.05552693652902421,0.06940867066128026
draft,1,29,1,0,0,49233.265625,39386.612499999996,0.0,0.0
draft,1,29,1,1,500,49233.265625,39386.612499999996,0.010155735022909116,0.012694668778636398
draft,1,29,1,2,1000,49233.265625,39386.612499999996,0.020311470045818233,0.025389337557272795
draft,1,29,1,3,1500,49233.265625,39386.612499999996,0.03046720506872735,0.03808400633590919
draft,1,29,1,6,3000,49233.265625,39386.612499999996,0.0609344101374547,0.07616801267181839
draft,1,30,1,0,0,48625.4921875,38900.39375,0.0,0.0
draft,1,30,1,1,500,48625.4921875,38900.39375,0.010282672267295494,0.012853340334119367
draft,1,30,1,2,1000,48625.4921875,38900.39375,0.02056534453459099,0.025706680668238734
draft,1,30,1,3,1500,48625.4921875,38900.39375,0.030848016801886483,0.0385600210023581
draft,1,30,1,6,3000,48625.4921875,38900.39375,0.061696033603772966,0.0771200420047162
draft,1,31,1,0,0,45127.203125,36101.7625,0.0,0.0
draft,1,31,1,1,500,45127.203125,36101.7625,0.0110797914644749,0.013849739330593625
draft,1,31,1,2,1000,45127.203125,36101.7625,0.0221595829289498,0.02769947866118725
draft,1,31,1,3,1500,45127.203125,36101.7625,0.0332393743934247,0.04154921799178087
draft,1,31,1,6,3000,45127.203125,36101.7625,0.0664787487868494,0.08309843598356174
draft,1,32,1,0,0,95251.28125,76201.025,0.0,0.0
draft,1,32,1,1,500,95251.28125,76201.025,0.005249273221718474,0.006561591527148094
draft,1,32,1,2,1000,95251.28125,76201.025,0.010498546443436948,0.013123183054296187
draft,1,32,1,3,1500,95251.28125,76201.025,0.015747819665155424,0.01968477458144428
draft,1,32,1,6,3000,95251.28125,76201.025,0.03149563933031085,0.03936954916288856
draft,1,33,1,0,0,87145.01171875,69716.009375,0.0,0.0
draft,1,33,1,1,500,87145.01171875,69716.009375,0.0057375630588436845,0.0071719538235546065
draft,1,33,1,2,1000,87145.01171875,69716.009375,0.011475126117687369,0.014343907647109213
draft,1,33,1,3,1500,87145.01171875,69716.009375,0.017212689176531053,0.02151586147066382
draft,1,33,1,6,3000,87145.01171875,69716.009375,0.03442537835306211,0.04303172294132764
draft,1,34,1,0,0,84181.6015625,67345.28125,0.0,0.0
draft,1,34,1,1,500,84181.6015625,67345.28125,0.005939540121825536,0.007424425152281921
draft,1,34,1,2,1000,84181.6015625,67345.28125,0.011879080243651072,0.014848850304563841
draft,1,34,1,3,1500,84181.6015625,67345.28125,0.017818620365476608,0.02227327545684576
draft,1,34,1,6,3000,84181.6015625,67345.28125,0.035637240730953215,0.04454655091369152
draft,1,35,1,0,0,74524.34765625,59619.478124999994,0.0,0.0
draft,1,35,1,1,500,74524.34765625,59619.478124999994,0.006709216728823891,0.008386520911029864
draft,1,35,1,2,1000,74524.34765625,59619.478124999994,0.013418433457647781,0.01677304182205973
draft,1,35,1,3,1500,74524.34765625,59619.478124999994,0.020127650186471672,0.025159562733089592
draft,1,35,1,6,3000,74524.34765625,59619.478124999994,0.040255300372943344,0.050319125466179185
draft,1,36,1,0,0,82155.93359375,65724.746875,0.0,0.0
draft,1,36,1,1,500,82155.93359375,65724.746875,0.006085987683767706,0.0076074846047096325
draft,1,36,1,2,1000,82155.93359375,65724.746875,0.012171975367535412,0.015214969209419265
draft,1,36,1,3,1500,82155.93359375,65724.746875,0.018257963051303117,0.022822453814128896
draft,1,36,1,6,3000,82155.93359375,65724.746875,0.03651592610260623,0.04564490762825779
draft,1,37,1,0,0,73328.8671875,58663.09375,0.0,0.0
draft,1,37,1,1,500,73328.8671875,58663.09375,0.006818597084303962,0.008523246355379953
draft,1,37,1,2,1000,73328.8671875,58663.09375,0.013637194168607925,0.017046492710759906
draft,1,37,1,3,1500,73328.8671875,58663.09375,0.020455791252911887,0.02556973906613986
draft,1,37,1,6,3000,73328.8671875,58663.09375,0.040911582505823774,0.05113947813227972
draft,1,38,1,0,0,70816.65234375,56653.321874999994,0.0,0.0
draft,1,38,1,1,500,70816.65234375,56653.321874999994,0.0070604862479654905,0.008825607809956865
draft,1,38,1,2,1000,70816.65234375,56653.321874999994,0.014120972495930981,0.01765121561991373
draft,1,38,1,3,1500,70816.65234375,56653.321874999994,0.021181458743896472,0.026476823429870594
draft,1,38,1,6,3000,70816.65234375,56653.321874999994,0.042362917487792945,0.05295364685974119
draft,1,39,1,0,0,64549.90234375001,51639.921875,0.0,0.0
draft,1,39,1,1,500,64549.90234375001,51639.921875,0.007745945103639837,0.009682431379549798
draft,1,39,1,2,1000,64549.90234375001,51639.921875,0.015491890207279674,0.019364862759099596
draft,1,39,1,3,1500,64549.90234375001,51639.921875,0.02323783531091951,0.029047294138649392
draft,1,39,1,6,3000,64549.90234375001,51639.921875,0.04647567062183902,0.058094588277298784
draft,1,40,1,0,0,92089.01953125,73671.21562500001,0.0,0.0
draft,1,40,1,1,500,92089.01953125,73671.21562500001,0.00542952897690834,0.006786911221135425
draft,1,40,1,2,1000,92089.01953125,73671.21562500001,0.01085905795381668,0.01357382244227085
draft,1,40,1,3,1500,92089.01953125,73671.21562500001,0.016288586930725022,0.020360733663406273
draft,1,40,1,6,3000,92089.01953125,73671.21562500001,0.032577173861450044,0.04072146732681255
draft,1,41,1,0,0,81820.99609375,65456.796875,0.0,0.0
draft,1,41,1,1,500,81820.99609375,65456.796875,0.006110900916277077,0.007638626145346346
draft,1,41,1,2,1000,81820.99609375,65456.796875,0.012221801832554153,0.015277252290692692
draft,1,41,1,3,1500,81820.99609375,65456.796875,0.01833270274883123,0.02291587843603904
draft,1,41,1,6,3000,81820.99609375,65456.796875,0.03666540549766246,0.04583175687207808
draft,1,42,1,0,0,78715.19921875,62972.159375,0.0,0.0
draft,1,42,1,1,500,78715.19921875,62972.159375,0.0063520133971902565,0.00794001674648782
draft,1,42,1,2,1000,78715.19921875,62972.159375,0.012704026794380513,0.01588003349297564
draft,1,42,1,3,1500,78715.19921875,62972.159375,0.01905604019157077,0.023820050239463462
draft,1,42,1,6,3000,78715.19921875,62972.159375,0.03811208038314154,0.047640100478926924
draft,1,43,1,0,0,71176.5390625,56941.23125,0.0,0.0
draft,1,43,1,1,500,71176.5390625,56941.23125,0.007024786630338275,0.008780983287922844
draft,1,43,1,2,1000,71176.5390625,56941.23125,0.01404957326067655,0.01756196657584569
draft,1,43,1,3,1500,71176.5390625,56941.23125,0.021074359891014825,0.026342949863768533
draft,1,43,1,6,3000,71176.5390625,56941.23125,0.04214871978202965,0.05268589972753707
draft,1,44,1,0,0,77003.90625,61603.125,0.0,0.0
draft,1,44,1,1,500,77003.90625,61603.125,0.006493177091259575,0.008116471364074469
draft,1,44,1,2,1000,77003.90625,61603.125,0.01298635418251915,0.016232942728148937
draft,1,44,1,3,1500,77003.90625,61603.125,0.019479531273778723,0.024349414092223406
draft,1,44,1,6,3000,77003.90625,61603.125,0.038959062547557446,0.04869882818444681
draft,1,45,1,0,0,69993.06640625,55994.453125,0.0,0.0
draft,1,45,1,1,500,69993.06640625,55994.453125,0.007143564722510182,0.008929455903137727
draft,1,45,1,2,1000,69993.06640625,55994.453125,0.014287129445020363,0.017858911806275454
draft,1,45,1,3,1500,69993.06640625,55994.453125,0.021430694167530545,0.02678836770941318
draft,1,45,1,6,3000,69993.06640625,55994.453125,0.04286138833506109,0.05357673541882636
draft,1,46,1,0,0,68024.296875,54419.4375,0.0,0.0
draft,1,46,1,1,500,68024.296875,54419.4375,0.0073503148576278465,0.009187893572034807
draft,1,46,1,2,1000,68024.296875,54419.4375,0.014700629715255693,0.018375787144069615
draft,1,46,1,3,1500,68024.296875,54419.4375,0.02205094457288354,0.027563680716104426
draft,1,46,1,6,3000,68024.296875,54419.4375,0.04410188914576708,0.05512736143220885
draft,1,47,1,0,0,62759.77734375,50207.821874999994,0.0,0.0
draft,1,47,1,1,500,62759.77734375,50207.821874999994,0.007966886135707316,0.009958607669634146
draft,1,47,1,2,1000,62759.77734375,50207.821874999994,0.015933772271414633,0.019917215339268293
draft,1,47,1,3,1500,62759.77734375,50207.821874999994,0.02390065840712195,0.029875823008902437
draft,1,47,1,6,3000,62759.77734375,50207.821874999994,0.0478013168142439,0.059751646017804874
draft,1,48,1,0,0,112961.4375,90369.15,0.0,0.0
draft,1,48,1,1,500,112961.4375,90369.15,0.004426289281242548,0.005532861601553185
draft,1,48,1,2,1000,112961.4375,90369.15,0.008852578562485097,0.01106572320310637
draft,1,48,1,3,1500,112961.4375,90369.15,0.013278867843727643,0.016598584804659557
draft,1,48,1,6,3000,112961.4375,90369.15,0.026557735687455286,0.033197169609319115
draft,1,49,1,0,0,98821.7890625,79057.43125000001,0.0,0.0
draft,1,49,1,1,500,98821.7890625,79057.43125000001,0.005059612912732983,0.006324516140916227
draft,1,49,1,2,1000,98821.7890625,79057.43125000001,0.010119225825465965,0.012649032281832454
draft,1,49,1,3,1500,98821.7890625,79057.43125000001,0.015178838738198946,0.018973548422748683
draft,1,49,1,6,3000,98821.7890625,79057.43125000001,0.030357677476397893,0.037947096845497366
draft,1,50,1,0,0,94551.421875,75641.13750000001,0.0,0.0
draft,1,50,1,1,500,94551.421875,75641.13750000001,0.005288127773065285,0.006610159716331605
draft,1,50,1,2,1000,94551.421875,75641.13750000001,0.01057625554613057,0.01322031943266321
draft,1,50,1,3,1500,94551.421875,75641.13750000001,0.015864383319195853,0.019830479148994815
draft,1,50,1,6,3000,94551.421875,75641.13750000001,0.031728766638391706,0.03966095829798963
draft,1,51,1,0,0,85454.84765625,68363.87812499999,0.0,0.0
draft,1,51,1,1,500,85454.84765625,68363.87812499999,0.005851043138141163,0.007313803922676455
draft,1,51,1,2,1000,85454.84765625,68363.87812499999,0.011702086276282326,0.01462760784535291
draft,1,51,1,3,1500,85454.84765625,68363.87812499999,0.01755312941442349,0.021941411768029363
draft,1,51,1,6,3000,85454.84765625,68363.87812499999,0.03510625882884698,0.04388282353605873
draft,1,52,1,0,0,91472.921875,73178.3375,0.0,0.0
draft,1,52,1,1,500,91472.921875,73178.3375,0.005466098488504197,0.006832623110630247
draft,1,52,1,2,1000,91472.921875,73178.3375,0.010932196977008394,0.013665246221260493
draft,1,52,1,3,1500,91472.921875,73178.3375,0.01639829546551259,0.02049786933189074
draft,1,52,1,6,3000,91472.921875,73178.3375,0.03279659093102518,0.04099573866378148
draft,1,53,1,0,0,83182.5390625,66546.03125,0.0,0.0
draft,1,53,1,1,500,83182.5390625,66546.03125,0.006010876869535327,0.007513596086919158
draft,1,53,1,2,1000,83182.5390625,66546.03125,0.012021753739070653,0.015027192173838315
draft,1,53,1,3,1500,83182.5390625,66546.03125,0.01803263060860598,0.022540788260757474
draft,1,53,1,6,3000,83182.5390625,66546.03125,0.03606526121721196,0.04508157652151495
draft,1,54,1,0,0,80458.4765625,64366.78125,0.0,0.0
draft,1,54,1,1,500,80458.4765625,64366.78125,0.0062143856230188615,0.007767982028773576
draft,1,54,1,2,1000,80458.4765625,64366.78125,0.012428771246037723,0.015535964057547152
draft,1,54,1,3,1500,80458.4765625,64366.78125,0.018643156869056585,0.02330394608632073
draft,1,54,1,6,3000,80458.4765625,64366.78125,0.03728631373811317,0.04660789217264146
draft,1,55,1,0,0,74576.67578125,59661.340625,0.0,0.0
draft,1,55,1,1,500,74576.67578125,59661.340625,0.006704509080917086,0.008380636351146359
draft,1,55,1,2,1000,74576.67578125,59661.340625,0.013409018161834173,0.016761272702292718
draft,1,55,1,3,1500,74576.67578125,59661.340625,0.02011352724275126,0.025141909053439077
draft,1,55,1,6,3000,74576.67578125,59661.340625,0.04022705448550252,0.05028381810687815
draft,1,56,1,0,0,101967.3984375,81573.91875000001,0.0,0.0
draft,1,56,1,1,500,101967.3984375,81573.91875000001,0.004903528065457809,0.006129410081822261
draft,1,56,1,2,1000,101967.3984375,81573.91875000001,0.009807056130915618,0.012258820163644522
draft,1,56,1,3,1500,101967.3984375,81573.91875000001,0.014710584196373427,0.01838823024546678
draft,1,56,1,6,3000,101967.3984375,81573.91875000001,0.029421168392746853,0.03677646049093356
draft,1,57,1,0,0,91388.21484375,73110.571875,0.0,0.0
draft,1,57,1,1,500,91388.21484375,73110.571875,0.005471164973020531,0.006838956216275665
draft,1,57,1,2,1000,91388.21484375,73110.571875,0.010942329946041062,0.01367791243255133
draft,1,57,1,3,1500,91388.21484375,73110.571875,0.016413494919061595,0.020516868648826996
draft,1,57,1,6,3000,91388.21484375,73110.571875,0.03282698983812319,0.04103373729765399
draft,1,58,1,0,0,88048.1171875,70438.49375,0.0,0.0
draft,1,58,1,1,500,88048.1171875,70438.49375,0.005678713139717018,0.007098391424646272
draft,1,58,1,2,1000,88048.1171875,70438.49375,0.011357426279434035,0.014196782849292544
draft,1,58,1,3,1500,88048.1171875,70438.49375,0.017036139419151053,0.021295174273938816
draft,1,58,1,6,3000,88048.1171875,70438.49375,0.034072278838302106,0.04259034854787763
draft,1,59,1,0,0,80795.74609375,64636.596875,0.0,0.0
draft,1,59,1,1,500,80795.74609375,64636.596875,0.00618844461711924,0.007735555771399049
draft,1,59,1,2,1000,80795.74609375,64636.596875,0.01237688923423848,0.015471111542798097
draft,1,59,1,3,1500,80795.74609375,64636.596875,0.018565333851357717,0.023206667314197148
draft,1,59,1,6,3000,80795.74609375,64636.596875,0.037130667702715434,0.046413334628394295
draft,1,60,1,0,0,85507.9375,68406.34999999999,0.0,0.0
draft,1,60,1,1,500,85507.9375,68406.34999999999,0.005847410364681057,0.007309262955851322
draft,1,60,1,2,1000,85507.9375,68406.34999999999,0.011694820729362114,0.014618525911702644
draft,1,60,1,3,1500,85507.9375,68406.34999999999,0.01754223109404317,0.021927788867553966
draft,1,60,1,6,3000,85507.9375,68406.34999999999,0.03508446218808634,0.04385557773510793
draft,1,61,1,0,0,78943.51953125,63154.815625,0.0,0.0
draft,1,61,1,1,500,78943.51953125,63154.815625,0.006333642114880293,0.007917052643600367
draft,1,61,1,2,1000,78943.51953125,63154.815625,0.012667284229760586,0.015834105287200733
draft,1,61,1,3,1500,78943.51953125,63154.815625,0.01900092634464088,0.023751157930801098
draft,1,61,1,6,3000,78943.51953125,63154.815625,0.03800185268928176,0.047502315861602196
draft,1,62,1,0,0,76800.7265625,61440.581249999996,0.0,0.0
draft,1,62,1,1,500,76800.7265625,61440.581249999996,0.006510355075783076,0.008137943844728846
draft,1,62,1,2,1000,76800.7265625,61440.581249999996,0.013020710151566152,0.01627588768945769
draft,1,62,1,3,1500,76800.7265625,61440.581249999996,0.01953106522734923,0.02441383153418654
draft,1,62,1,6,3000,76800.7265625,61440.581249999996,0.03906213045469846,0.04882766306837308
draft,1,63,1,0,0,71620.9453125,57296.756250000006,0.0,0.0
draft,1,63,1,1,500,71620.9453125,57296.756250000006,0.006981197997574252,0.008726497496967814
draft,1,63,1,2,1000,71620.9453125,57296.756250000006,0.013962395995148504,0.017452994993935628
draft,1,63,1,3,1500,71620.9453125,57296.756250000006,0.020943593992722755,0.02617949249090344
draft,1,63,1,6,3000,71620.9453125,57296.756250000006,0.04188718798544551,0.05235898498180688
draft,2,0,2,0,0,6102.53515625,4882.028125,0.0,0.0
draft,2,0,2,1,500,6102.53515625,4882.028125,0.08193316174310242,0.10241645217887801
draft,2,0,2,2,1000,6102.53515625,4882.028125,0.16386632348620483,0.20483290435775603
draft,2,0,2,3,1500,6102.53515625,4882.028125,0.24579948522930722,0.30724935653663404
draft,2,0,2,12,6000,6102.53515625,4882.028125,0.9831979409172289,1.2289974261465362
draft,2,1,2,0,0,7817.691406249999,6254.153124999999,0.0,0.0
draft,2,1,2,1,500,7817.691406249999,6254.153124999999,0.0639575002410898,0.07994687530136226
draft,2,1,2,2,1000,7817.691406249999,6254.153124999999,0.1279150004821796,0.1598937506027245
draft,2,1,2,3,1500,7817.691406249999,6254.153124999999,0.19187250072326942,0.23984062590408678
draft,2,1,2,12,6000,7817.691406249999,6254.153124999999,0.7674900028930777,0.9593625036163471
draft,2,2,2,0,0,11668.70703125,9334.965624999999,0.0,0.0
draft,2,2,2,1,500,11668.70703125,9334.965624999999,0.04284964895090334,0.05356206118862918
draft,2,2,2,2,1000,11668.70703125,9334.965624999999,0.08569929790180668,0.10712412237725837
draft,2,2,2,3,1500,11668.70703125,9334.965624999999,0.12854894685271,0.16068618356588754
draft,2,2,2,12,6000,11668.70703125,9334.965624999999,0.51419578741084,0.6427447342635502
draft,2,3,2,0,0,12850.46875,10280.375,0.0,0.0
draft,2,3,2,1,500,12850.46875,10280.375,0.03890908648760381,0.04863635810950476
draft,2,3,2,2,1000,12850.46875,10280.375,0.07781817297520761,0.09727271621900951
draft,2,3,2,3,1500,12850.46875,10280.375,0.11672725946281143,0.14590907432851427
draft,2,3,2,12,6000,12850.46875,10280.375,0.4669090378512457,0.5836362973140571
draft,2,4,2,0,0,15575.09375,12460.075,0.0,0.0
draft,2,4,2,1,500,15575.09375,12460.075,0.03210253549838183,0.040128169372977286
draft,2,4,2,2,1000,15575.09375,12460.075,0.06420507099676366,0.08025633874595457
draft,2,4,2,3,1500,15575.09375,12460.075,0.0963076064951455,0.12038450811893187
draft,2,4,2,12,6000,15575.09375,12460.075,0.385230425980582,0.48153803247572746
draft,2,5,2,0,0,16591.97265625,13273.578125,0.0,0.0
draft,2,5,2,1,500,16591.97265625,13273.578125,0.030135054484413937,0.03766881810551742
draft,2,5,2,2,1000,16591.97265625,13273.578125,0.060270108968827875,0.07533763621103484
draft,2,5,2,3,1500,16591.97265625,13273.578125,0.09040516345324182,0.11300645431655226
draft,2,5,2,12,6000,16591.97265625,13273.578125,0.36162065381296726,0.45202581726620905
draft,2,6,2,0,0,19373.4140625,15498.731249999999,0.0,0.0
draft,2,6,2,1,500,19373.4140625,15498.731249999999,0.025808564168760588,0.03226070521095074
draft,2,6,2,2,1000,19373.4140625,15498.731249999999,0.051617128337521176,0.06452141042190147
draft,2,6,2,3,1500,19373.4140625,15498.731249999999,0.07742569250628177,0.09678211563285222
draft,2,6,2,12,6000,19373.4140625,15498.731249999999,0.3097027700251271,0.38712846253140887
draft,2,7,2,0,0,18805.46484375,15044.371874999999,0.0,0.0
draft,2,7,2,1,500,18805.46484375,15044.371874999999,0.026588015991860742,0.033235019989825934
draft,2,7,2,2,1000,18805.46484375,15044.371874999999,0.053176031983721485,0.06647003997965187
draft,2,7,2,3,1500,18805.46484375,15044.371874999999,0.07976404797558223,0.0997050599694778
draft,2,7,2,12,6000,18805.46484375,15044.371874999999,0.3190561919023289,0.3988202398779112
draft,2,8,2,0,0,19177.7421875,15342.193750000002,0.0,0.0
draft,2,8,2,1,500,19177.7421875,15342.193750000002,0.02607189079462642,0.03258986349328302
draft,2,8,2,2,1000,19177.7421875,15342.193750000002,0.05214378158925284,0.06517972698656604
draft,2,8,2,3,1500,19177.7421875,15342.193750000002,0.07821567238387926,0.09776959047984907
draft,2,8,2,12,6000,19177.7421875,15342.193750000002,0.31286268953551705,0.39107836191939627
draft,2,9,2,0,0,19437.2578125,15549.806250000001,0.0,0.0
draft,2,9,2,1,500,19437.2578125,15549.806250000001,0.02572379318231055,0.03215474147788819
draft,2,9,2,2,1000,19437.2578125,15549.806250000001,0.0514475863646211,0.06430948295577638
draft,2,9,2,3,1500,19437.2578125,15549.806250000001,0.07717137954693165,0.09646422443366456
draft,2,9,2,12,6000,19437.2578125,15549.806250000001,0.3086855181877266,0.38585689773465826
draft,2,10,2,0,0,22305.13671875,17844.109375,0.0,0.0
draft,2,10,2,1,500,22305.13671875,17844.109375,0.022416361141588216,0.028020451426985272
draft,2,10,2,2,1000,22305.13671875,17844.109375,0.04483272228317643,0.056040902853970544
draft,2,10,2,3,1500,22305.13671875,17844.109375,0.06724908342476466,0.08406135428095582
draft,2,10,2,12,6000,22305.13671875,17844.109375,0.2689963336990586,0.3362454171238233
draft,2,11,2,0,0,21623.11328125,17298.490625,0.0,0.0
draft,2,11,2,1,500,21623.11328125,17298.490625,0.02312340473346934,0.028904255916836676
draft,2,11,2,2,1000,21623.11328125,17298.490625,0.04624680946693868,0.05780851183367335
draft,2,11,2,3,1500,21623.11328125,17298.490625,0.06937021420040802,0.08671276775051003
draft,2,11,2,12,6000,21623.11328125,17298.490625,0.2774808568016321,0.3468510710020401
draft,2,12,2,0,0,25299.875,20239.9,0.0,0.0
draft,2,12,2,1,500,25299.875,20239.9,0.019762943492803817,0.02470367936600477
draft,2,12,2,2,1000,25299.875,20239.9,0.03952588698560763,0.04940735873200954
draft,2,12,2,3,1500,25299.875,20239.9,0.05928883047841146,0.07411103809801431
draft,2,12,2,12,6000,25299.875,20239.9,0.23715532191364583,0.29644415239205724
draft,2,13,2,0,0,24466.96875,19573.574999999997,0.0,0.0
draft,2,13,2,1,500,24466.96875,19573.574999999997,0.020435714988191987,0.02554464373523999
draft,2,13,2,2,1000,24466.96875,19573.574999999997,0.040871429976383974,0.05108928747047998
draft,2,13,2,3,1500,24466.96875,19573.574999999997,0.06130714496457597,0.07663393120571997
draft,2,13,2,12,6000,24466.96875,19573.574999999997,0.24522857985830387,0.3065357248228799
draft,2,14,2,0,0,25950.04296875,20760.034375,0.0,0.0
draft,2,14,2,1,500,25950.04296875,20760.034375,0.01926779083187332,0.024084738539841652
draft,2,14,2,2,1000,25950.04296875,20760.034375,0.03853558166374664,0.048169477079683304
draft,2,14,2,3,1500,25950.04296875,20760.034375,0.05780337249561997,0.07225421561952496
draft,2,14,2,12,6000,25950.04296875,20760.034375,0.23121348998247987,0.2890168624780998
draft,2,15,2,0,0,24369.421875,19495.5375,0.0,0.0
draft,2,15,2,1,500,24369.421875,19495.5375,0.02051751586741325,0.025646894834266562
draft,2,15,2,2,1000,24369.421875,19495.5375,0.0410350317348265,0.051293789668533124
draft,2,15,2,3,1500,24369.421875,19495.5375,0.06155254760223974,0.07694068450279969
draft,2,15,2,12,6000,24369.421875,19495.5375,0.24621019040895897,0.30776273801119874
draft,2,16,2,0,0,51646.37109375,41317.096875,0.0,0.0
draft,2,16,2,1,500,51646.37109375,41317.096875,0.009681222308773357,0.012101527885966697
draft,2,16,2,2,1000,51646.37109375,41317.096875,0.019362444617546715,0.024203055771933393
draft,2,16,2,3,1500,51646.37109375,41317.096875,0.029043666926320075,0.03630458365790009
draft,2,16,2,12,6000,51646.37109375,41317.096875,0.1161746677052803,0.14521833463160036
draft,2,17,2,0,0,52635.5546875,42108.44375,0.0,0.0
draft,2,17,2,1,500,52635.5546875,42108.44375,0.00949928243311058,0.011874103041388225
draft,2,17,2,2,1000,52635.5546875,42108.44375,0.01899856486622116,0.02374820608277645
draft,2,17,2,3,1500,52635.5546875,42108.44375,0.02849784729933174,0.035622309124164676
draft,2,17,2,12,6000,52635.5546875,42108.44375,0.11399138919732696,0.1424892364966587
draft,2,18,2,0,0,53519.328125,42815.4625,0.0,0.0
draft,2,18,2,1,500,53519.328125,42815.4625,0.009342419225297403,0.011678024031621752
draft,2,18,2,2,1000,53519.328125,42815.4625,0.018684838450594807,0.023356048063243505
draft,2,18,2,3,1500,53519.328125,42815.4625,0.028027257675892207,0.03503407209486526
draft,2,18,2,12,6000,53519.328125,42815.4625,0.11210903070356883,0.14013628837946104
draft,2,19,2,0,0,50060.3046875,40048.24375,0.0,0.0
draft,2,19,2,1,500,50060.3046875,40048.24375,0.009987953591597884,0.012484941989497355
draft,2,19,2,2,1000,50060.3046875,40048.24375,0.01997590718319577,0.02496988397899471
draft,2,19,2,3,1500,50060.3046875,40048.24375,0.02996386077479365,0.03745482596849206
draft,2,19,2,12,6000,50060.3046875,40048.24375,0.1198554430991746,0.14981930387396825
draft,2,20,2,0,0,55110.60546875,44088.484375,0.0,0.0
draft,2,20,2,1,500,55110.60546875,44088.484375,0.00907266388650948,0.01134082985813685
draft,2,20,2,2,1000,55110.60546875,44088.484375,0.01814532777301896,0.0226816597162737
draft,2,20,2,3,1500,55110.60546875,44088.484375,0.027217991659528443,0.03402248957441055
draft,2,20,2,12,6000,55110.60546875,44088.484375,0.10887196663811377,0.1360899582976422
draft,2,21,2,0,0,51600.9765625,41280.78125,0.0,0.0
draft,2,21,2,1,500,51600.9765625,41280.78125,0.009689739096204726,0.012112173870255908
draft,2,21,2,2,1000,51600.9765625,41280.78125,0.01937947819240945,0.024224347740511815
draft,2,21,2,3,1500,51600.9765625,41280.78125,0.02906921728861418,0.036336521610767725
draft,2,21,2,12,6000,51600.9765625,41280.78125,0.11627686915445672,0.1453460864430709
draft,2,22,2,0,0,51184.578125,40947.6625,0.0,0.0
draft,2,22,2,1,500,51184.578125,40947.6625,0.009768567375488162,0.012210709219360202
draft,2,22,2,2,1000,51184.578125,40947.6625,0.019537134750976324,0.024421418438720404
draft,2,22,2,3,1500,51184.578125,40947.6625,0.029305702126464484,0.036632127658080604
draft,2,22,2,12,6000,51184.578125,40947.6625,0.11722280850585794,0.14652851063232242
draft,2,23,2,0,0,47725.1953125,38180.15625,0.0,0.0
draft,2,23,2,1,500,47725.1953125,38180.15625,0.010476646490937292,0.013095808113671614
draft,2,23,2,2,1000,47725.1953125,38180.15625,0.020953292981874583,0.02619161622734323
draft,2,23,2,3,1500,47725.1953125,38180.15625,0.03142993947281188,0.03928742434101484
draft,2,23,2,12,6000,47725.1953125,38180.15625,0.1257197578912475,0.15714969736405937
draft,2,24,2,0,0,58111.96484375,46489.571875,0.0,0.0
draft,2,24,2,1,500,58111.96484375,46489.571875,0.008604080095112729,0.01075510011889091
draft,2,24,2,2,1000,58111.96484375,46489.571875,0.017208160190225457,0.02151020023778182
draft,2,24,2,3,1500,58111.96484375,46489.571875,0.025812240285338184,0.03226530035667273
draft,2,24,2,12,6000,58111.96484375,46489.571875,0.10324896114135274,0.12906120142669092
draft,2,25,2,0,0,55330.8359375,44264.66875,0.0,0.0
draft,2,25,2,1,500,55330.8359375,44264.66875,0.009036552430994979,0.011295690538743726
draft,2,25,2,2,1000,55330.8359375,44264.66875,0.018073104861989958,0.02259138107748745
draft,2,25,2,3,1500,55330.8359375,44264.66875,0.027109657292984937,0.033887071616231175
draft,2,25,2,12,6000,55330.8359375,44264.66875,0.10843862917193975,0.1355482864649247
draft,2,26,2,0,0,54990.2578125,43992.20625,0.0,0.0
draft,2,26,2,1,500,54990.2578125,43992.20625,0.009092519655115046,0.011365649568893807
draft,2,26,2,2,1000,54990.2578125,43992.20625,0.01818503931023009,0.022731299137787615
draft,2,26,2,3,1500,54990.2578125,43992.20625,0.02727755896534514,0.034096948706681424
draft,2,26,2,12,6000,54990.2578125,43992.20625,0.10911023586138056,0.1363877948267257
draft,2,27,2,0,0,50961.109375,40768.887500000004,0.0,0.0
draft,2,27,2,1,500,50961.109375,40768.887500000004,0.009811403364882105,0.01226425420610263
draft,2,27,2,2,1000,50961.109375,40768.887500000004,0.01962280672976421,0.02452850841220526
draft,2,27,2,3,1500,50961.109375,40768.887500000004,0.029434210094646317,0.03679276261830789
draft,2,27,2,12,6000,50961.109375,40768.887500000004,0.11773684037858527,0.14717105047323156
draft,2,28,2,0,0,56204.68359375,44963.746875,0.0,0.0
draft,2,28,2,1,500,56204.68359375,44963.746875,0.008896055773821673,0.011120069717277093
draft,2,28,2,2,1000,56204.68359375,44963.746875,0.017792111547643347,0.022240139434554187
draft,2,28,2,3,1500,56204.68359375,44963.746875,0.026688167321465023,0.03336020915183128
draft,2,28,2,12,6000,56204.68359375,44963.746875,0.1067526692858601,0.13344083660732511
draft,2,29,2,0,0,52160.421875,41728.3375,0.0,0.0
draft,2,29,2,1,500,52160.421875,41728.3375,0.009585812039600189,0.011982265049500234
draft,2,29,2,2,1000,52160.421875,41728.3375,0.019171624079200377,0.02396453009900047
draft,2,29,2,3,1500,52160.421875,41728.3375,0.028757436118800564,0.0359467951485007
draft,2,29,2,12,6000,52160.421875,41728.3375,0.11502974447520226,0.1437871805940028
draft,2,30,2,0,0,51500.38671875,41200.309375,0.0,0.0
draft,2,30,2,1,500,51500.38671875,41200.309375,0.009708664960722762,0.012135831200903453
draft,2,30,2,2,1000,51500.38671875,41200.309375,0.019417329921445525,0.024271662401806907
draft,2,30,2,3,1500,51500.38671875,41200.309375,0.029125994882168285,0.03640749360271036
draft,2,30,2,12,6000,51500.38671875,41200.309375,0.11650397952867314,0.14562997441084144
draft,2,31,2,0,0,48253.08984375,38602.471875,0.0,0.0
draft,2,31,2,1,500,48253.08984375,38602.471875,0.010362030734592692,0.012952538418240865
draft,2,31,2,2,1000,48253.08984375,38602.471875,0.020724061469185383,0.02590507683648173
draft,2,31,2,3,1500,48253.08984375,38602.471875,0.031086092203778077,0.038857615254722595
draft,2,31,2,12,6000,48253.08984375,38602.471875,0.12434436881511231,0.15543046101889038
draft,2,32,2,0,0,85132.56640625,68106.053125,0.0,0.0
draft,2,32,2,1,500,85132.56640625,68106.053125,0.00587319308117666,0.007341491351470823
draft,2,32,2,2,1000,85132.56640625,68106.053125,0.01174638616235332,0.014682982702941647
draft,2,32,2,3,1500,85132.56640625,68106.053125,0.017619579243529977,0.02202447405441247
draft,2,32,2,12,6000,85132.56640625,68106.053125,0.07047831697411991,0.08809789621764988
draft,2,33,2,0,0,85843.32421875,68674.65937499999,0.0,0.0
draft,2,33,2,1,500,85843.32421875,68674.65937499999,0.005824564746885576,0.0072807059336069705
draft,2,33,2,2,1000,85843.32421875,68674.65937499999,0.011649129493771152,0.014561411867213941
draft,2,33,2,3,1500,85843.32421875,68674.65937499999,0.01747369424065673,0.02184211780082091
draft,2,33,2,12,6000,85843.32421875,68674.65937499999,0.06989477696262691,0.08736847120328364
draft,2,34,2,0,0,85238.95703125,68191.165625,0.0,0.0
draft,2,34,2,1,500,85238.95703125,68191.165625,0.0058658624813615655,0.0073323281017019576
draft,2,34,2,2,1000,85238.95703125,68191.165625,0.011731724962723131,0.014664656203403915
draft,2,34,2,3,1500,85238.95703125,68191.165625,0.017597587444084697,0.021996984305105872
draft,2,34,2,12,6000,85238.95703125,68191.165625,0.07039034977633879,0.08798793722042349
draft,2,35,2,0,0,78814.90625,63051.925,0.0,0.0
draft,2,35,2,1,500,78814.90625,63051.925,0.006343977602587074,0.007929972003233842
draft,2,35,2,2,1000,78814.90625,63051.925,0.012687955205174148,0.015859944006467685
draft,2,35,2,3,1500,78814.90625,63051.925,0.019031932807761224,0.023789916009701526
draft,2,35,2,12,6000,78814.90625,63051.925,0.0761277312310449,0.0951596640388061
draft,2,36,2,0,0,85429.57421875,68343.659375,0.0,0.0
draft,2,36,2,1,500,85429.57421875,68343.659375,0.005852774107473668,0.0073159676343420845
draft,2,36,2,2,1000,85429.57421875,68343.659375,0.011705548214947336,0.014631935268684169
draft,2,36,2,3,1500,85429.57421875,68343.659375,0.017558322322421004,0.021947902903026253
draft,2,36,2,12,6000,85429.57421875,68343.659375,0.07023328928968402,0.08779161161210501
draft,2,37,2,0,0,79387.96875,63510.375,0.0,0.0
draft,2,37,2,1,500,79387.96875,63510.375,0.006298183564496352,0.007872729455620439
draft,2,37,2,2,1000,79387.96875,63510.375,0.012596367128992704,0.015745458911240878
draft,2,37,2,3,1500,79387.96875,63510.375,0.018894550693489057,0.02361818836686132
draft,2,37,2,12,6000,79387.96875,63510.375,0.07557820277395623,0.09447275346744528
draft,2,38,2,0,0,77107.25,61685.8,0.0,0.0
draft,2,38,2,1,500,77107.25,61685.8,0.0064844745468162854,0.008105593183520356
draft,2,38,2,2,1000,77107.25,61685.8,0.012968949093632571,0.016211186367040713
draft,2,38,2,3,1500,77107.25,61685.8,0.019453423640448855,0.02431677955056107
draft,2,38,2,12,6000,77107.25,61685.8,0.07781369456179542,0.09726711820224428
draft,2,39,2,0,0,71437.25,57149.8,0.0,0.0
draft,2,39,2,1,500,71437.25,57149.8,0.006999149603323197,0.008748937004153995
draft,2,39,2,2,1000,71437.25,57149.8,0.013998299206646393,0.01749787400830799
draft,2,39,2,3,1500,71437.25,57149.8,0.02099744880996959,0.026246811012461985
draft,2,39,2,12,6000,71437.25,57149.8,0.08398979523987836,0.10498724404984794
draft,2,40,2,0,0,89034.76953125,71227.815625,0.0,0.0
draft,2,40,2,1,500,89034.76953125,71227.815625,0.005615783616135568,0.007019729520169459
draft,2,40,2,2,1000,89034.76953125,71227.815625,0.011231567232271136,0.014039459040338919
draft,2,40,2,3,1500,89034.76953125,71227.815625,0.016847350848406703,0.02105918856050838
draft,2,40,2,12,6000,89034.76953125,71227.815625,0.06738940339362681,0.08423675424203352
draft,2,41,2,0,0,84358.953125,67487.1625,0.0,0.0
draft,2,41,2,1,500,84358.953125,67487.1625,0.005927053163629454,0.007408816454536816
draft,2,41,2,2,1000,84358.953125,67487.1625,0.011854106327258907,0.014817632909073631
draft,2,41,2,3,1500,84358.953125,67487.1625,0.01778115949088836,0.022226449363610446
draft,2,41,2,12,6000,84358.953125,67487.1625,0.07112463796355344,0.08890579745444178
draft,2,42,2,0,0,82466.28125,65973.02500000001,0.0,0.0
draft,2,42,2,1,500,82466.28125,65973.02500000001,0.006063084116576434,0.007578855145720541
draft,2,42,2,2,1000,82466.28125,65973.02500000001,0.012126168233152868,0.015157710291441083
draft,2,42,2,3,1500,82466.28125,65973.02500000001,0.0181892523497293,0.022736565437161623
draft,2,42,2,12,6000,82466.28125,65973.02500000001,0.0727570093989172,0.09094626174864649
draft,2,43,2,0,0,75873.56640625,60698.853125,0.0,0.0
draft,2,43,2,1,500,75873.56640625,60698.853125,0.006589910342725277,0.008237387928406595
draft,2,43,2,2,1000,75873.56640625,60698.853125,0.013179820685450554,0.01647477585681319
draft,2,43,2,3,1500,75873.56640625,60698.853125,0.019769731028175832,0.024712163785219787
draft,2,43,2,12,6000,75873.56640625,60698.853125,0.07907892411270333,0.09884865514087915
draft,2,44,2,0,0,82684.6171875,66147.69375,0.0,0.0
draft,2,44,2,1,500,82684.6171875,66147.69375,0.006047074014579684,0.007558842518224605
draft,2,44,2,2,1000,82684.6171875,66147.69375,0.012094148029159368,0.01511768503644921
draft,2,44,2,3,1500,82684.6171875,66147.69375,0.018141222043739053,0.022676527554673816
draft,2,44,2,12,6000,82684.6171875,66147.69375,0.07256488817495621,0.09070611021869526
draft,2,45,2,0,0,76277.6484375,61022.118749999994,0.0,0.0
draft,2,45,2,1,500,76277.6484375,61022.118749999994,0.006555000189992583,0.00819375023749073
draft,2,45,2,2,1000,76277.6484375,61022.118749999994,0.013110000379985167,0.01638750047498146
draft,2,45,2,3,1500,76277.6484375,61022.118749999994,0.01966500056997775,0.02458125071247219
draft,2,45,2,12,6000,76277.6484375,61022.118749999994,0.078660002279911,0.09832500284988877
draft,2,46,2,0,0,74195.359375,59356.28749999999,0.0,0.0
draft,2,46,2,1,500,74195.359375,59356.28749999999,0.00673896594358264,0.008423707429478303
draft,2,46,2,2,1000,74195.359375,59356.28749999999,0.01347793188716528,0.016847414858956605
draft,2,46,2,3,1500,74195.359375,59356.28749999999,0.020216897830747923,0.025271122288434908
draft,2,46,2,12,6000,74195.359375,59356.28749999999,0.08086759132299169,0.10108448915373963
draft,2,47,2,0,0,69042.81640625,55234.253125,0.0,0.0
draft,2,47,2,1,500,69042.81640625,55234.253125,0.0072418830231082264,0.009052353778885282
draft,2,47,2,2,1000,69042.81640625,55234.253125,0.014483766046216453,0.018104707557770564
draft,2,47,2,3,1500,69042.81640625,55234.253125,0.021725649069324678,0.02715706133665585
draft,2,47,2,12,6000,69042.81640625,55234.253125,0.08690259627729871,0.1086282453466234
draft,2,48,2,0,0,103702.91796875,82962.334375,0.0,0.0
draft,2,48,2,1,500,103702.91796875,82962.334375,0.004821465102367426,0.006026831377959282
draft,2,48,2,2,1000,103702.91796875,82962.334375,0.009642930204734852,0.012053662755918564
draft,2,48,2,3,1500,103702.91796875,82962.334375,0.014464395307102277,0.018080494133877845
draft,2,48,2,12,6000,103702.91796875,82962.334375,0.05785758122840911,0.07232197653551138
draft,2,49,2,0,0,95167.08984375,76133.671875,0.0,0.0
draft,2,49,2,1,500,95167.08984375,76133.671875,0.0052539170927778135,0.006567396365972267
draft,2,49,2,2,1000,95167.08984375,76133.671875,0.010507834185555627,0.013134792731944534
draft,2,49,2,3,1500,95167.08984375,76133.671875,0.01576175127833344,0.0197021890979168
draft,2,49,2,12,6000,95167.08984375,76133.671875,0.06304700511333376,0.0788087563916672
draft,2,50,2,0,0,91974.9140625,73579.93125,0.0,0.0
draft,2,50,2,1,500,91974.9140625,73579.93125,0.00543626493263406,0.006795331165792575
draft,2,50,2,2,1000,91974.9140625,73579.93125,0.01087252986526812,0.01359066233158515
draft,2,50,2,3,1500,91974.9140625,73579.93125,0.01630879479790218,0.020385993497377727
draft,2,50,2,12,6000,91974.9140625,73579.93125,0.06523517919160872,0.08154397398951091
draft,2,51,2,0,0,84892.3359375,67913.86875,0.0,0.0
draft,2,51,2,1,500,84892.3359375,67913.86875,0.005889813190770405,0.007362266488463007
draft,2,51,2,2,1000,84892.3359375,67913.86875,0.01177962638154081,0.014724532976926014
draft,2,51,2,3,1500,84892.3359375,67913.86875,0.017669439572311214,0.02208679946538902
draft,2,51,2,12,6000,84892.3359375,67913.86875,0.07067775828924486,0.08834719786155608
draft,2,52,2,0,0,91823.68359375,73458.946875,0.0,0.0
draft,2,52,2,1,500,91823.68359375,73458.946875,0.0054452182751905265,0.006806522843988159
draft,2,52,2,2,1000,91823.68359375,73458.946875,0.010890436550381053,0.013613045687976317
draft,2,52,2,3,1500,91823.68359375,73458.946875,0.016335654825571578,0.020419568531964475
draft,2,52,2,12,6000,91823.68359375,73458.946875,0.06534261930228631,0.0816782741278579
draft,2,53,2,0,0,84886.88671875,67909.509375,0.0,0.0
draft,2,53,2,1,500,84886.88671875,67909.509375,0.005890191280740644,0.007362739100925805
draft,2,53,2,2,1000,84886.88671875,67909.509375,0.011780382561481288,0.01472547820185161
draft,2,53,2,3,1500,84886.88671875,67909.509375,0.01767057384222193,0.022088217302777415
draft,2,53,2,12,6000,84886.88671875,67909.509375,0.07068229536888772,0.08835286921110966
draft,2,54,2,0,0,82544.96484375,66035.97187499999,0.0,0.0
draft,2,54,2,1,500,82544.96484375,66035.97187499999,0.0060573046574852124,0.007571630821856517
draft,2,54,2,2,1000,82544.96484375,66035.97187499999,0.012114609314970425,0.015143261643713034
draft,2,54,2,3,1500,82544.96484375,66035.97187499999,0.018171913972455638,0.022714892465569552
draft,2,54,2,12,6000,82544.96484375,66035.97187499999,0.07268765588982255,0.09085956986227821
draft,2,55,2,0,0,77181.87890625,61745.503124999996,0.0,0.0
draft,2,55,2,1,500,77181.87890625,61745.503124999996,0.0064782045615568865,0.008097755701946109
draft,2,55,2,2,1000,77181.87890625,61745.503124999996,0.012956409123113773,0.016195511403892218
draft,2,55,2,3,1500,77181.87890625,61745.503124999996,0.01943461368467066,0.024293267105838328
draft,2,55,2,12,6000,77181.87890625,61745.503124999996,0.07773845473868264,0.09717306842335331
draft,2,56,2,0,0,99354.98828125,79483.99062499999,0.0,0.0
draft,2,56,2,1,500,99354.98828125,79483.99062499999,0.005032459956460572,0.006290574945575715
draft,2,56,2,2,1000,99354.98828125,79483.99062499999,0.010064919912921143,0.01258114989115143
draft,2,56,2,3,1500,99354.98828125,79483.99062499999,0.015097379869381715,0.018871724836727145
draft,2,56,2,12,6000,99354.98828125,79483.99062499999,0.06038951947752686,0.07548689934690858
draft,2,57,2,0,0,90992.9296875,72794.34375,0.0,0.0
draft,2,57,2,1,500,90992.9296875,72794.34375,0.005494932427356349,0.0068686655341954365
draft,2,57,2,2,1000,90992.9296875,72794.34375,0.010989864854712698,0.013737331068390873
draft,2,57,2,3,1500,90992.9296875,72794.34375,0.016484797282069048,0.02060599660258631
draft,2,57,2,12,6000,90992.9296875,72794.34375,0.06593918912827619,0.08242398641034523
draft,2,58,2,0,0,87880.32421875,70304.259375,0.0,0.0
draft,2,58,2,1,500,87880.32421875,70304.259375,0.005689555704817493,0.007111944631021868
draft,2,58,2,2,1000,87880.32421875,70304.259375,0.011379111409634986,0.014223889262043736
draft,2,58,2,3,1500,87880.32421875,70304.259375,0.01706866711445248,0.021335833893065603
draft,2,58,2,12,6000,87880.32421875,70304.259375,0.06827466845780993,0.08534333557226241
draft,2,59,2,0,0,81818.5234375,65454.81874999999,0.0,0.0
draft,2,59,2,1,500,81818.5234375,65454.81874999999,0.006111085595206846,0.007638856994008559
draft,2,59,2,2,1000,81818.5234375,65454.81874999999,0.012222171190413692,0.015277713988017118
draft,2,59,2,3,1500,81818.5234375,65454.81874999999,0.01833325678562054,0.022916570982025677
draft,2,59,2,12,6000,81818.5234375,65454.81874999999,0.07333302714248216,0.09166628392810271
draft,2,60,2,0,0,87856.14453125,70284.91562500001,0.0,0.0
draft,2,60,2,1,500,87856.14453125,70284.91562500001,0.005691121579119061,0.007113901973898826
draft,2,60,2,2,1000,87856.14453125,70284.91562500001,0.011382243158238122,0.014227803947797652
draft,2,60,2,3,1500,87856.14453125,70284.91562500001,0.017073364737357183,0.02134170592169648
draft,2,60,2,12,6000,87856.14453125,70284.91562500001,0.06829345894942873,0.08536682368678591
draft,2,61,2,0,0,81779.28515625,65423.428125000006,0.0,0.0
draft,2,61,2,1,500,81779.28515625,65423.428125000006,0.006114017737434177,0.00764252217179272
draft,2,61,2,2,1000,81779.28515625,65423.428125000006,0.012228035474868355,0.01528504434358544
draft,2,61,2,3,1500,81779.28515625,65423.428125000006,0.01834205321230253,0.02292756651537816
draft,2,61,2,12,6000,81779.28515625,65423.428125000006,0.07336821284921012,0.09171026606151264
draft,2,62,2,0,0,79689.4609375,63751.56874999999,0.0,0.0
draft,2,62,2,1,500,79689.4609375,63751.56874999999,0.006274355405567961,0.007842944256959953
draft,2,62,2,2,1000,79689.4609375,63751.56874999999,0.012548710811135922,0.015685888513919905
draft,2,62,2,3,1500,79689.4609375,63751.56874999999,0.018823066216703883,0.023528832770879856
draft,2,62,2,12,6000,79689.4609375,63751.56874999999,0.07529226486681553,0.09411533108351942
draft,2,63,2,0,0,74967.48046875,59973.984375,0.0,0.0
draft,2,63,2,1,500,74967.48046875,59973.984375,0.006669558545567284,0.008336948181959104
draft,2,63,2,2,1000,74967.48046875,59973.984375,0.013339117091134568,0.01667389636391821
draft,2,63,2,3,1500,74967.48046875,59973.984375,0.02000867563670185,0.025010844545877313
draft,2,63,2,12,6000,74967.48046875,59973.984375,0.0800347025468074,0.10004337818350925
flat,0,0,0,0,0,6044.328125,4835.462500000001,0.0,0.0
flat,0,1,0,0,0,8417.875,6734.300000000001,0.0,0.0
flat,0,2,0,0,0,13805.58203125,11044.465625,0.0,0.0
flat,0,3,0,0,0,13653.3203125,10922.65625,0.0,0.0
flat,0,4,0,0,0,19434.1171875,15547.293749999999,0.0,0.0
flat,0,5,0,0,0,18229.10546875,14583.284375,0.0,0.0
flat,0,6,0,0,0,20576.74609375,16461.396875,0.0,0.0
flat,0,7,0,0,0,19220.921875,15376.7375,0.0,0.0
flat,0,8,0,0,0,23781.2890625,19025.03125,0.0,0.0
flat,0,9,0,0,0,21883.22265625,17506.578125,0.0,0.0
flat,0,10,0,0,0,24328.27734375,19462.621874999997,0.0,0.0
flat,0,11,0,0,0,22170.41796875,17736.334375000002,0.0,0.0
flat,0,12,0,0,0,28088.4453125,22470.756250000002,0.0,0.0
flat,0,13,0,0,0,25302.33203125,20241.865625,0.0,0.0
flat,0,14,0,0,0,26568.52734375,21254.821875,0.0,0.0
flat,0,15,0,0,0,24527.96875,19622.375,0.0,0.0
flat,0,16,0,0,0,70189.9296875,56151.94375,0.0,0.0
flat,0,17,0,0,0,59672.5390625,47738.03125,0.0,0.0
flat,0,18,0,0,0,57919.48828125,46335.590625,0.0,0.0
flat,0,19,0,0,0,51068.5703125,40854.856250000004,0.0,0.0
flat,0,20,0,0,0,59283.27734375,47426.621875,0.0,0.0
flat,0,21,0,0,0,52361.24609375,41888.996875,0.0,0.0
flat,0,22,0,0,0,51263.390625,41010.712499999994,0.0,0.0
flat,0,23,0,0,0,46715.87109375,37372.696874999994,0.0,0.0
flat,0,24,0,0,0,67504.87109375,54003.896875,0.0,0.0
flat,0,25,0,0,0,58504.04296875,46803.234375,0.0,0.0
flat,0,26,0,0,0,56973.9609375,45579.16875,0.0,0.0
flat,0,27,0,0,0,51161.515625,40929.2125,0.0,0.0
flat,0,28,0,0,0,57611.09375,46088.875,0.0,0.0
flat,0,29,0,0,0,51947.58984375,41558.071874999994,0.0,0.0
flat,0,30,0,0,0,51167.26953125,40933.815624999996,0.0,0.0
flat,0,31,0,0,0,47081.1796875,37664.943750000006,0.0,0.0
flat,0,32,0,0,0,117403.984375,93923.1875,0.0,0.0
flat,0,33,0,0,0,97838.40625,78270.72499999999,0.0,0.0
flat,0,34,0,0,0,92745.88671875,74196.709375,0.0,0.0
flat,0,35,0,0,0,80490.32421875,64392.25937500001,0.0,0.0
flat,0,36,0,0,0,92226.22265625,73780.978125,0.0,0.0
flat,0,37,0,0,0,80247.8984375,64198.31875,0.0,0.0
flat,0,38,0,0,0,76871.0625,61496.850000000006,0.0,0.0
flat,0,39,0,0,0,69285.10546875,55428.084375000006,0.0,0.0
flat,0,40,0,0,0,104491.08984375,83592.87187500001,0.0,0.0
flat,0,41,0,0,0,89218.97265625,71375.17812499999,0.0,0.0
flat,0,42,0,0,0,85332.8515625,68266.28125,0.0,0.0
flat,0,43,0,0,0,75888.4296875,60710.74375000001,0.0,0.0
flat,0,44,0,0,0,84737.2421875,67789.79375,0.0,0.0
flat,0,45,0,0,0,75322.37890625,60257.903125,0.0,0.0
flat,0,46,0,0,0,73016.55859375,58413.246875,0.0,0.0
flat,0,47,0,0,0,66631.20703125,53304.965625000004,0.0,0.0
flat,0,48,0,0,0,122140.2890625,97712.23125000001,0.0,0.0
flat,0,49,0,0,0,105893.79296875,84715.034375,0.0,0.0
flat,0,50,0,0,0,101188.296875,80950.6375,0.0,0.0
flat,0,51,0,0,0,90635,72508,0.0,0.0
flat,0,52,0,0,0,99655.1953125,79724.15625,0.0,0.0
flat,0,53,0,0,0,89618.78125,71695.025,0.0,0.0
flat,0,54,0,0,0,86860.2421875,69488.19375,0.0,0.0
flat,0,55,0,0,0,79726.5234375,63781.21875,0.0,0.0
flat,0,56,0,0,0,109459.9765625,87567.98125,0.0,0.0
flat,0,57,0,0,0,97224.546875,77779.6375,0.0,0.0
flat,0,58,0,0,0,93958.046875,75166.4375,0.0,0.0
flat,0,59,0,0,0,85211.73046875,68169.384375,0.0,0.0
flat,0,60,0,0,0,92662.0546875,74129.64374999999,0.0,0.0
flat,0,61,0,0,0,84493.99609375,67595.196875,0.0,0.0
flat,0,62,0,0,0,82367.85546875,65894.284375,0.0,0.0
flat,0,63,0,0,0,76218.08984375,60974.471875,0.0,0.0
flat,1,0,1,0,0,6079.578125,4863.6625,0.0,0.0
flat,1,0,1,1,500,6079.578125,4863.6625,0.08224254869658411,0.10280318587073013
flat,1,0,1,2,1000,6079.578125,4863.6625,0.16448509739316822,0.20560637174146026
flat,1,0,1,3,1500,6079.578125,4863.6625,0.2467276460897523,0.30840955761219035
flat,1,0,1,6,3000,6079.578125,4863.6625,0.4934552921795046,0.6168191152243807
flat,1,1,1,0,0,8037.242187499999,6429.793749999999,0.0,0.0
flat,1,1,1,1,500,8037.242187499999,6429.793749999999,0.06221039360710443,0.07776299200888055
flat,1,1,1,2,1000,8037.242187499999,6429.793749999999,0.12442078721420886,0.1555259840177611
flat,1,1,1,3,1500,8037.242187499999,6429.793749999999,0.1866311808213133,0.23328897602664164
flat,1,1,1,6,3000,8037.242187499999,6429.793749999999,0.3732623616426266,0.4665779520532833
flat,1,2,1,0,0,12799.27734375,10239.421875,0.0,0.0
flat,1,2,1,1,500,12799.27734375,10239.421875,0.039064705496373545,0.04883088187046693
flat,1,2,1,2,1000,12799.27734375,10239.421875,0.07812941099274709,0.09766176374093385
flat,1,2,1,3,1500,12799.27734375,10239.421875,0.11719411648912063,0.1464926456114008
flat,1,2,1,6,3000,12799.27734375,10239.421875,0.23438823297824127,0.2929852912228016
flat,1,3,1,0,0,13304.47265625,10643.578125,0.0,0.0
flat,1,3,1,1,500,13304.47265625,10643.578125,0.037581346733432275,0.04697668341679035
flat,1,3,1,2,1000,13304.47265625,10643.578125,0.07516269346686455,0.0939533668335807
flat,1,3,1,3,1500,13304.47265625,10643.578125,0.11274404020029684,0.14093005025037103
flat,1,3,1,6,3000,13304.47265625,10643.578125,0.22548808040059368,0.28186010050074206
flat,1,4,1,0,0,17515.6796875,14012.54375,0.0,0.0
flat,1,4,1,1,500,17515.6796875,14012.54375,0.028545851997785913,0.03568231499723239
flat,1,4,1,2,1000,17515.6796875,14012.54375,0.05709170399557183,0.07136462999446477
flat,1,4,1,3,1500,17515.6796875,14012.54375,0.08563755599335773,0.10704694499169716
flat,1,4,1,6,3000,17515.6796875,14012.54375,0.17127511198671547,0.21409388998339432
flat,1,5,1,0,0,17472.27734375,13977.821875,0.0,0.0
flat,1,5,1,1,500,17472.27734375,13977.821875,0.028616761865839703,0.03577095233229963
flat,1,5,1,2,1000,17472.27734375,13977.821875,0.057233523731679406,0.07154190466459925
flat,1,5,1,3,1500,17472.27734375,13977.821875,0.0858502855975191,0.10731285699689888
flat,1,5,1,6,3000,17472.27734375,13977.821875,0.1717005711950382,0.21462571399379776
flat,1,6,1,0,0,20130.76171875,16104.609375,0.0,0.0
flat,1,6,1,1,500,20130.76171875,16104.609375,0.024837609574122316,0.031047011967652895
flat,1,6,1,2,1000,20130.76171875,16104.609375,0.04967521914824463,0.06209402393530579
flat,1,6,1,3,1500,20130.76171875,16104.609375,0.07451282872236695,0.09314103590295868
flat,1,6,1,6,3000,20130.76171875,16104.609375,0.1490256574447339,0.18628207180591735
flat,1,7,1,0,0,19012.16015625,15209.728125000001,0.0,0.0
flat,1,7,1,1,500,19012.16015625,15209.728125000001,0.02629895792433831,0.03287369740542288
flat,1,7,1,2,1000,19012.16015625,15209.728125000001,0.05259791584867662,0.06574739481084577
flat,1,7,1,3,1500,19012.16015625,15209.728125000001,0.07889687377301492,0.09862109221626865
flat,1,7,1,6,3000,19012.16015625,15209.728125000001,0.15779374754602984,0.1972421844325373
flat,1,8,1,0,0,20409.93359375,16327.946875,0.0,0.0
flat,1,8,1,1,500,20409.93359375,16327.946875,0.02449787490504681,0.030622343631308516
flat,1,8,1,2,1000,20409.93359375,16327.946875,0.04899574981009362,0.06124468726261703
flat,1,8,1,3,1500,20409.93359375,16327.946875,0.07349362471514043,0.09186703089392555
flat,1,8,1,6,3000,20409.93359375,16327.946875,0.14698724943028085,0.1837340617878511
flat,1,9,1,0,0,20600.2578125,16480.20625,0.0,0.0
flat,1,9,1,1,500,20600.2578125,16480.20625,0.024271540897736033,0.030339426122170044
flat,1,9,1,2,1000,20600.2578125,16480.20625,0.048543081795472065,0.06067885224434009
flat,1,9,1,3,1500,20600.2578125,16480.20625,0.0728146226932081,0.09101827836651014
flat,1,9,1,6,3000,20600.2578125,16480.20625,0.1456292453864162,0.18203655673302027
flat,1,10,1,0,0,23441.76171875,18753.409375,0.0,0.0
flat,1,10,1,1,500,23441.76171875,18753.409375,0.021329454927445694,0.026661818659307116
flat,1,10,1,2,1000,23441.76171875,18753.409375,0.04265890985489139,0.05332363731861423
flat,1,10,1,3,1500,23441.76171875,18753.409375,0.06398836478233708,0.07998545597792135
flat,1,10,1,6,3000,23441.76171875,18753.409375,0.12797672956467415,0.1599709119558427
flat,1,11,1,0,0,21748.1015625,17398.481249999997,0.0,0.0
flat,1,11,1,1,500,21748.1015625,17398.481249999997,0.02299051246211505,0.028738140577643814
flat,1,11,1,2,1000,21748.1015625,17398.481249999997,0.0459810249242301,0.05747628115528763
flat,1,11,1,3,1500,21748.1015625,17398.481249999997,0.06897153738634515,0.08621442173293145
flat,1,11,1,6,3000,21748.1015625,17398.481249999997,0.1379430747726903,0.1724288434658629
flat,1,12,1,0,0,26951.2734375,21561.018750000003,0.0,0.0
flat,1,12,1,1,500,26951.2734375,21561.018750000003,0.018551999079357045,0.023189998849196303
flat,1,12,1,2,1000,26951.2734375,21561.018750000003,0.03710399815871409,0.04637999769839261
flat,1,12,1,3,1500,26951.2734375,21561.018750000003,0.05565599723807114,0.06956999654758891
flat,1,12,1,6,3000,26951.2734375,21561.018750000003,0.11131199447614228,0.13913999309517783
flat,1,13,1,0,0,24771.96875,19817.575,0.0,0.0
flat,1,13,1,1,500,24771.96875,19817.575,0.02018410426099056,0.0252301303262382
flat,1,13,1,2,1000,24771.96875,19817.575,0.04036820852198112,0.0504602606524764
flat,1,13,1,3,1500,24771.96875,19817.575,0.06055231278297168,0.07569039097871459
flat,1,13,1,6,3000,24771.96875,19817.575,0.12110462556594336,0.15138078195742918
flat,1,14,1,0,0,26213.34765625,20970.678125,0.0,0.0
flat,1,14,1,1,500,26213.34765625,20970.678125,0.019074252039715574,0.02384281504964447
flat,1,14,1,2,1000,26213.34765625,20970.678125,0.03814850407943115,0.04768563009928894
flat,1,14,1,3,1500,26213.34765625,20970.678125,0.05722275611914672,0.0715284451489334
flat,1,14,1,6,3000,26213.34765625,20970.678125,0.11444551223829344,0.1430568902978668
flat,1,15,1,0,0,24385.18359375,19508.146875,0.0,0.0
flat,1,15,1,1,500,24385.18359375,19508.146875,0.020504254072056756,0.025630317590070947
flat,1,15,1,2,1000,24385.18359375,19508.146875,0.04100850814411351,0.05126063518014189
flat,1,15,1,3,1500,24385.18359375,19508.146875,0.06151276221617026,0.07689095277021284
flat,1,15,1,6,3000,24385.18359375,19508.146875,0.12302552443234052,0.15378190554042567
flat,1,16,1,0,0,57996.8515625,46397.48125,0.0,0.0
flat,1,16,1,1,500,57996.8515625,46397.48125,0.008621157640965693,0.010776447051207118
flat,1,16,1,2,1000,57996.8515625,46397.48125,0.017242315281931386,0.021552894102414236
flat,1,16,1,3,1500,57996.8515625,46397.48125,0.02586347292289708,0.032329341153621356
flat,1,16,1,6,3000,57996.8515625,46397.48125,0.05172694584579416,0.06465868230724271
flat,1,17,1,0,0,53915.12890625,43132.103125,0.0,0.0
flat,1,17,1,1,500,53915.12890625,43132.103125,0.009273834824162658,0.011592293530203322
flat,1,17,1,2,1000,53915.12890625,43132.103125,0.018547669648325316,0.023184587060406645
flat,1,17,1,3,1500,53915.12890625,43132.103125,0.027821504472487973,0.03477688059060997
flat,1,17,1,6,3000,53915.12890625,43132.103125,0.055643008944975945,0.06955376118121993
flat,1,18,1,0,0,53852.35546875,43081.884374999994,0.0,0.0
flat,1,18,1,1,500,53852.35546875,43081.884374999994,0.00928464494538489,0.011605806181731114
flat,1,18,1,2,1000,53852.35546875,43081.884374999994,0.01856928989076978,0.02321161236346223
flat,1,18,1,3,1500,53852.35546875,43081.884374999994,0.02785393483615467,0.03481741854519334
flat,1,18,1,6,3000,53852.35546875,43081.884374999994,0.05570786967230934,0.06963483709038668
flat,1,19,1,0,0,48382.00390625,38705.603125,0.0,0.0
flat,1,19,1,1,500,48382.00390625,38705.603125,0.01033442105806225,0.01291802632257781
flat,1,19,1,2,1000,48382.00390625,38705.603125,0.0206688421161245,0.02583605264515562
flat,1,19,1,3,1500,48382.00390625,38705.603125,0.031003263174186748,0.03875407896773343
flat,1,19,1,6,3000,48382.00390625,38705.603125,0.062006526348373496,0.07750815793546686
flat,1,20,1,0,0,55736.0390625,44588.83125,0.0,0.0
flat,1,20,1,1,500,55736.0390625,44588.83125,0.008970856350938779,0.011213570438673473
flat,1,20,1,2,1000,55736.0390625,44588.83125,0.017941712701877558,0.022427140877346947
flat,1,20,1,3,1500,55736.0390625,44588.83125,0.02691256905281634,0.03364071131602042
flat,1,20,1,6,3000,55736.0390625,44588.83125,0.05382513810563268,0.06728142263204084
flat,1,21,1,0,0,49991.47265625,39993.178125000006,0.0,0.0
flat,1,21,1,1,500,49991.47265625,39993.178125000006,0.01000170575966198,0.012502132199577473
flat,1,21,1,2,1000,49991.47265625,39993.178125000006,0.02000341151932396,0.025004264399154947
flat,1,21,1,3,1500,49991.47265625,39993.178125000006,0.03000511727898594,0.03750639659873242
flat,1,21,1,6,3000,49991.47265625,39993.178125000006,0.06001023455797188,0.07501279319746484
flat,1,22,1,0,0,49612.7421875,39690.19375,0.0,0.0
flat,1,22,1,1,500,49612.7421875,39690.19375,0.010078056119340562,0.012597570149175702
flat,1,22,1,2,1000,49612.7421875,39690.19375,0.020156112238681124,0.025195140298351404
flat,1,22,1,3,1500,49612.7421875,39690.19375,0.030234168358021684,0.037792710447527106
flat,1,22,1,6,3000,49612.7421875,39690.19375,0.06046833671604337,0.07558542089505421
flat,1,23,1,0,0,45294.5546875,36235.64375,0.0,0.0
flat,1,23,1,1,500,45294.5546875,36235.64375,0.011038854525663009,0.013798568157078759
flat,1,23,1,2,1000,45294.5546875,36235.64375,0.022077709051326017,0.027597136314157517
flat,1,23,1,3,1500,45294.5546875,36235.64375,0.03311656357698903,0.04139570447123628
flat,1,23,1,6,3000,45294.5546875,36235.64375,0.06623312715397806,0.08279140894247256
flat,1,24,1,0,0,61909.77343749999,49527.81874999999,0.0,0.0
flat,1,24,1,1,500,61909.77343749999,49527.81874999999,0.00807626925827417,0.010095336572842714
flat,1,24,1,2,1000,61909.77343749999,49527.81874999999,0.01615253851654834,0.020190673145685428
flat,1,24,1,3,1500,61909.77343749999,49527.81874999999,0.02422880777482251,0.03028600971852814
flat,1,24,1,6,3000,61909.77343749999,49527.81874999999,0.04845761554964502,0.06057201943705628
flat,1,25,1,0,0,55110.4375,44088.35,0.0,0.0
flat,1,25,1,1,500,55110.4375,44088.35,0.009072691538694463,0.011340864423368078
flat,1,25,1,2,1000,55110.4375,44088.35,0.018145383077388926,0.022681728846736155
flat,1,25,1,3,1500,55110.4375,44088.35,0.027218074616083388,0.034022593270104234
flat,1,25,1,6,3000,55110.4375,44088.35,0.054436149232166775,0.06804518654020847
flat,1,26,1,0,0,54464.6015625,43571.681249999994,0.0,0.0
flat,1,26,1,1,500,54464.6015625,43571.681249999994,0.009180274630784416,0.011475343288480521
flat,1,26,1,2,1000,54464.6015625,43571.681249999994,0.018360549261568833,0.022950686576961043
flat,1,26,1,3,1500,54464.6015625,43571.681249999994,0.027540823892353246,0.03442602986544156
flat,1,26,1,6,3000,54464.6015625,43571.681249999994,0.05508164778470649,0.06885205973088313
flat,1,27,1,0,0,49201.22265625,39360.978125,0.0,0.0
flat,1,27,1,1,500,49201.22265625,39360.978125,0.010162349084154016,0.01270293635519252
flat,1,27,1,2,1000,49201.22265625,39360.978125,0.020324698168308033,0.02540587271038504
flat,1,27,1,3,1500,49201.22265625,39360.978125,0.030487047252462048,0.03810880906557756
flat,1,27,1,6,3000,49201.22265625,39360.978125,0.060974094504924095,0.07621761813115512
flat,1,28,1,0,0,55664.77734375,44531.821874999994,0.0,0.0
flat,1,28,1,1,500,55664.77734375,44531.821874999994,0.008982340788184965,0.011227925985231209
flat,1,28,1,2,1000,55664.77734375,44531.821874999994,0.01796468157636993,0.022455851970462418
flat,1,28,1,3,1500,55664.77734375,44531.821874999994,0.026947022364554898,0.033683777955693626
flat,1,28,1,6,3000,55664.77734375,44531.821874999994,0.053894044729109795,0.06736755591138725
flat,1,29,1,0,0,50302.8046875,40242.243749999994,0.0,0.0
flat,1,29,1,1,500,50302.8046875,40242.243749999994,0.009939803617436217,0.012424754521795273
flat,1,29,1,2,1000,50302.8046875,40242.243749999994,0.019879607234872435,0.024849509043590547
flat,1,29,1,3,1500,50302.8046875,40242.243749999994,0.029819410852308652,0.037274263565385816
flat,1,29,1,6,3000,50302.8046875,40242.243749999994,0.059638821704617304,0.07454852713077163
flat,1,30,1,0,0,49905.8359375,39924.668750000004,0.0,0.0
flat,1,30,1,1,500,49905.8359375,39924.668750000004,0.010018868346903943,0.012523585433629927
flat,1,30,1,2,1000,49905.8359375,39924.668750000004,0.020037736693807887,0.025047170867259855
flat,1,30,1,3,1500,49905.8359375,39924.668750000004,0.030056605040711826,0.03757075630088978
flat,1,30,1,6,3000,49905.8359375,39924.668750000004,0.06011321008142365,0.07514151260177956
flat,1,31,1,0,0,45966.625,36773.3,0.0,0.0
flat,1,31,1,1,500,45966.625,36773.3,0.010877457285584922,0.013596821606981151
flat,1,31,1,2,1000,45966.625,36773.3,0.021754914571169844,0.027193643213962303
flat,1,31,1,3,1500,45966.625,36773.3,0.032632371856754765,0.04079046482094345
flat,1,31,1,6,3000,45966.625,36773.3,0.06526474371350953,0.0815809296418869
flat,1,32,1,0,0,96107.82421875,76886.259375,0.0,0.0
flat,1,32,1,1,500,96107.82421875,76886.259375,0.0052024900580618216,0.006503112572577277
flat,1,32,1,2,1000,96107.82421875,76886.259375,0.010404980116123643,0.013006225145154555
flat,1,32,1,3,1500,96107.82421875,76886.259375,0.015607470174185463,0.01950933771773183
flat,1,32,1,6,3000,96107.82421875,76886.259375,0.031214940348370926,0.03901867543546366
flat,1,33,1,0,0,87720.4140625,70176.33125,0.0,0.0
flat,1,33,1,1,500,87720.4140625,70176.33125,0.0056999274951410345,0.007124909368926293
flat,1,33,1,2,1000,87720.4140625,70176.33125,0.011399854990282069,0.014249818737852585
flat,1,33,1,3,1500,87720.4140625,70176.33125,0.017099782485423102,0.02137472810677888
flat,1,33,1,6,3000,87720.4140625,70176.33125,0.034199564970846204,0.04274945621355776
flat,1,34,1,0,0,85804.1328125,68643.30625000001,0.0,0.0
flat,1,34,1,1,500,85804.1328125,68643.30625000001,0.005827225141854236,0.007284031427317794
flat,1,34,1,2,1000,85804.1328125,68643.30625000001,0.011654450283708472,0.014568062854635588
flat,1,34,1,3,1500,85804.1328125,68643.30625000001,0.01748167542556271,0.02185209428195338
flat,1,34,1,6,3000,85804.1328125,68643.30625000001,0.03496335085112542,0.04370418856390676
flat,1,35,1,0,0,75599.40625,60479.525,0.0,0.0
flat,1,35,1,1,500,75599.40625,60479.525,0.00661380855752422,0.008267260696905275
flat,1,35,1,2,1000,75599.40625,60479.525,0.01322761711504844,0.01653452139381055
flat,1,35,1,3,1500,75599.40625,60479.525,0.01984142567257266,0.024801782090715825
flat,1,35,1,6,3000,75599.40625,60479.525,0.03968285134514532,0.04960356418143165
flat,1,36,1,0,0,85767.70703125,68614.165625,0.0,0.0
flat,1,36,1,1,500,85767.70703125,68614.165625,0.005829699980411297,0.0072871249755141225
flat,1,36,1,2,1000,85767.70703125,68614.165625,0.011659399960822594,0.014574249951028245
flat,1,36,1,3,1500,85767.70703125,68614.165625,0.01748909994123389,0.021861374926542367
flat,1,36,1,6,3000,85767.70703125,68614.165625,0.03497819988246778,0.04372274985308473
flat,1,37,1,0,0,75742.73046875,60594.184375,0.0,0.0
flat,1,37,1,1,500,75742.73046875,60594.184375,0.006601293575048637,0.008251616968810797
flat,1,37,1,2,1000,75742.73046875,60594.184375,0.013202587150097273,0.016503233937621594
flat,1,37,1,3,1500,75742.73046875,60594.184375,0.01980388072514591,0.02475485090643239
flat,1,37,1,6,3000,75742.73046875,60594.184375,0.03960776145029182,0.04950970181286478
flat,1,38,1,0,0,73695.44140625,58956.35312500001,0.0,0.0
flat,1,38,1,1,500,73695.44140625,58956.35312500001,0.00678468017097182,0.008480850213714773
flat,1,38,1,2,1000,73695.44140625,58956.35312500001,0.01356936034194364,0.016961700427429546
flat,1,38,1,3,1500,73695.44140625,58956.35312500001,0.02035404051291546,0.025442550641144323
flat,1,38,1,6,3000,73695.44140625,58956.35312500001,0.04070808102583092,0.050885101282288646
flat,1,39,1,0,0,66602,53281.6,0.0,0.0
flat,1,39,1,1,500,66602,53281.6,0.007507282063601694,0.009384102579502117
flat,1,39,1,2,1000,66602,53281.6,0.015014564127203388,0.018768205159004233
flat,1,39,1,3,1500,66602,53281.6,0.02252184619080508,0.02815230773850635
flat,1,39,1,6,3000,66602,53281.6,0.04504369238161016,0.0563046154770127
flat,1,40,1,0,0,94358.4140625,75486.73125000001,0.0,0.0
flat,1,40,1,1,500,94358.4140625,75486.73125000001,0.00529894450821117,0.006623680635263961
flat,1,40,1,2,1000,94358.4140625,75486.73125000001,0.01059788901642234,0.013247361270527922
flat,1,40,1,3,1500,94358.4140625,75486.73125000001,0.01589683352463351,0.019871041905791885
flat,1,40,1,6,3000,94358.4140625,75486.73125000001,0.03179366704926702,0.03974208381158377
flat,1,41,1,0,0,83144.23046875,66515.384375,0.0,0.0
flat,1,41,1,1,500,83144.23046875,66515.384375,0.006013646373068862,0.007517057966336078
flat,1,41,1,2,1000,83144.23046875,66515.384375,0.012027292746137725,0.015034115932672155
flat,1,41,1,3,1500,83144.23046875,66515.384375,0.018040939119206584,0.022551173899008233
flat,1,41,1,6,3000,83144.23046875,66515.384375,0.03608187823841317,0.045102347798016466
flat,1,42,1,0,0,80767.55859375,64614.046875,0.0,0.0
flat,1,42,1,1,500,80767.55859375,64614.046875,0.006190604355331984,0.00773825544416498
flat,1,42,1,2,1000,80767.55859375,64614.046875,0.012381208710663968,0.01547651088832996
flat,1,42,1,3,1500,80767.55859375,64614.046875,0.018571813065995955,0.023214766332494943
flat,1,42,1,6,3000,80767.55859375,64614.046875,0.03714362613199191,0.046429532664989885
flat,1,43,1,0,0,72518.0078125,58014.40625,0.0,0.0
flat,1,43,1,1,500,72518.0078125,58014.40625,0.00689483915902354,0.008618548948779425
flat,1,43,1,2,1000,72518.0078125,58014.40625,0.01378967831804708,0.01723709789755885
flat,1,43,1,3,1500,72518.0078125,58014.40625,0.02068451747707062,0.025855646846338273
flat,1,43,1,6,3000,72518.0078125,58014.40625,0.04136903495414124,0.051711293692676547
flat,1,44,1,0,0,80625.2109375,64500.168750000004,0.0,0.0
flat,1,44,1,1,500,80625.2109375,64500.168750000004,0.006201534162652869,0.007751917703316086
flat,1,44,1,2,1000,80625.2109375,64500.168750000004,0.012403068325305739,0.015503835406632171
flat,1,44,1,3,1500,80625.2109375,64500.168750000004,0.018604602487958605,0.023255753109948256
flat,1,44,1,6,3000,80625.2109375,64500.168750000004,0.03720920497591721,0.04651150621989651
flat,1,45,1,0,0,72474.44921875,57979.559375,0.0,0.0
flat,1,45,1,1,500,72474.44921875,57979.559375,0.0068989830952815865,0.008623728869101984
flat,1,45,1,2,1000,72474.44921875,57979.559375,0.013797966190563173,0.017247457738203967
flat,1,45,1,3,1500,72474.44921875,57979.559375,0.020696949285844757,0.02587118660730595
flat,1,45,1,6,3000,72474.44921875,57979.559375,0.041393898571689514,0.0517423732146119
flat,1,46,1,0,0,70795.65234375,56636.521875000006,0.0,0.0
flat,1,46,1,1,500,70795.65234375,56636.521875000006,0.00706258058859657,0.008828225735745711
flat,1,46,1,2,1000,70795.65234375,56636.521875000006,0.01412516117719314,0.017656451471491422
flat,1,46,1,3,1500,70795.65234375,56636.521875000006,0.02118774176578971,0.026484677207237135
flat,1,46,1,6,3000,70795.65234375,56636.521875000006,0.04237548353157942,0.05296935441447427
flat,1,47,1,0,0,64787.05078125,51829.640625,0.0,0.0
flat,1,47,1,1,500,64787.05078125,51829.640625,0.0077175916170072805,0.009646989521259102
flat,1,47,1,2,1000,64787.05078125,51829.640625,0.015435183234014561,0.019293979042518204
flat,1,47,1,3,1500,64787.05078125,51829.640625,0.02315277485102184,0.028940968563777304
flat,1,47,1,6,3000,64787.05078125,51829.640625,0.04630554970204368,0.05788193712755461
flat,1,48,1,0,0,112796.1875,90236.95,0.0,0.0
flat,1,48,1,1,500,112796.1875,90236.95,0.004432773935732535,0.005540967419665669
flat,1,48,1,2,1000,112796.1875,90236.95,0.00886554787146507,0.011081934839331339
flat,1,48,1,3,1500,112796.1875,90236.95,0.013298321807197606,0.016622902258997006
flat,1,48,1,6,3000,112796.1875,90236.95,0.02659664361439521,0.03324580451799401
flat,1,49,1,0,0,98401.77734375,78721.421875,0.0,0.0
flat,1,49,1,1,500,98401.77734375,78721.421875,0.005081209033992693,0.006351511292490866
flat,1,49,1,2,1000,98401.77734375,78721.421875,0.010162418067985386,0.012703022584981733
flat,1,49,1,3,1500,98401.77734375,78721.421875,0.01524362710197808,0.0190545338774726
flat,1,49,1,6,3000,98401.77734375,78721.421875,0.03048725420395616,0.0381090677549452
flat,1,50,1,0,0,95133.01953125,76106.41562500001,0.0,0.0
flat,1,50,1,1,500,95133.01953125,76106.41562500001,0.005255798696011707,0.006569748370014633
flat,1,50,1,2,1000,95133.01953125,76106.41562500001,0.010511597392023415,0.013139496740029266
flat,1,50,1,3,1500,95133.01953125,76106.41562500001,0.01576739608803512,0.019709245110043898
flat,1,50,1,6,3000,95133.01953125,76106.41562500001,0.03153479217607024,0.039418490220087796
flat,1,51,1,0,0,85720.0390625,68576.03125,0.0,0.0
flat,1,51,1,1,500,85720.0390625,68576.03125,0.005832941812304135,0.007291177265380169
flat,1,51,1,2,1000,85720.0390625,68576.03125,0.01166588362460827,0.014582354530760337
flat,1,51,1,3,1500,85720.0390625,68576.03125,0.017498825436912405,0.021873531796140506
flat,1,51,1,6,3000,85720.0390625,68576.03125,0.03499765087382481,0.04374706359228101
flat,1,52,1,0,0,93949.05078125,75159.240625,0.0,0.0
flat,1,52,1,1,500,93949.05078125,75159.240625,0.005322033547355309,0.006652541934194136
flat,1,52,1,2,1000,93949.05078125,75159.240625,0.010644067094710618,0.013305083868388272
flat,1,52,1,3,1500,93949.05078125,75159.240625,0.01596610064206593,0.019957625802582406
flat,1,52,1,6,3000,93949.05078125,75159.240625,0.03193220128413186,0.03991525160516481
flat,1,53,1,0,0,84928.97265625,67943.17812499999,0.0,0.0
flat,1,53,1,1,500,84928.97265625,67943.17812499999,0.005887272439097432,0.0073590905488717905
flat,1,53,1,2,1000,84928.97265625,67943.17812499999,0.011774544878194864,0.014718181097743581
flat,1,53,1,3,1500,84928.97265625,67943.17812499999,0.017661817317292293,0.02207727164661537
flat,1,53,1,6,3000,84928.97265625,67943.17812499999,0.035323634634584586,0.04415454329323074
flat,1,54,1,0,0,82677.01171875,66141.609375,0.0,0.0
flat,1,54,1,1,500,82677.01171875,66141.609375,0.006047630285682022,0.0075595378571025286
flat,1,54,1,2,1000,82677.01171875,66141.609375,0.012095260571364045,0.015119075714205057
flat,1,54,1,3,1500,82677.01171875,66141.609375,0.018142890857046068,0.022678613571307585
flat,1,54,1,6,3000,82677.01171875,66141.609375,0.036285781714092136,0.04535722714261517
flat,1,55,1,0,0,76241.703125,60993.3625,0.0,0.0
flat,1,55,1,1,500,76241.703125,60993.3625,0.006558090644699249,0.008197613305874062
flat,1,55,1,2,1000,76241.703125,60993.3625,0.013116181289398498,0.016395226611748123
flat,1,55,1,3,1500,76241.703125,60993.3625,0.019674271934097747,0.02459283991762218
flat,1,55,1,6,3000,76241.703125,60993.3625,0.039348543868195494,0.04918567983524436
flat,1,56,1,0,0,103196.6953125,82557.35625000001,0.0,0.0
flat,1,56,1,1,500,103196.6953125,82557.35625000001,0.004845116391429988,0.006056395489287485
flat,1,56,1,2,1000,103196.6953125,82557.35625000001,0.009690232782859977,0.01211279097857497
flat,1,56,1,3,1500,103196.6953125,82557.35625000001,0.014535349174289966,0.018169186467862454
flat,1,56,1,6,3000,103196.6953125,82557.35625000001,0.02907069834857993,0.03633837293572491
flat,1,57,1,0,0,92107.19921875,73685.759375,0.0,0.0
flat,1,57,1,1,500,92107.19921875,73685.759375,0.005428457321913838,0.006785571652392298
flat,1,57,1,2,1000,92107.19921875,73685.759375,0.010856914643827676,0.013571143304784596
flat,1,57,1,3,1500,92107.19921875,73685.759375,0.016285371965741514,0.020356714957176895
flat,1,57,1,6,3000,92107.19921875,73685.759375,0.03257074393148303,0.04071342991435379
flat,1,58,1,0,0,89415.3671875,71532.29375,0.0,0.0
flat,1,58,1,1,500,89415.3671875,71532.29375,0.005591879961209828,0.006989849951512285
flat,1,58,1,2,1000,89415.3671875,71532.29375,0.011183759922419656,0.01397969990302457
flat,1,58,1,3,1500,89415.3671875,71532.29375,0.016775639883629484,0.020969549854536855
flat,1,58,1,6,3000,89415.3671875,71532.29375,0.03355127976725897,0.04193909970907371
flat,1,59,1,0,0,81725.06640625,65380.05312499999,0.0,0.0
flat,1,59,1,1,500,81725.06640625,65380.05312499999,0.0061180739519321094,0.007647592439915137
flat,1,59,1,2,1000,81725.06640625,65380.05312499999,0.012236147903864219,0.015295184879830274
flat,1,59,1,3,1500,81725.06640625,65380.05312499999,0.018354221855796327,0.02294277731974541
flat,1,59,1,6,3000,81725.06640625,65380.05312499999,0.03670844371159265,0.04588555463949082
flat,1,60,1,0,0,88279.51953125,70623.615625,0.0,0.0
flat,1,60,1,1,500,88279.51953125,70623.615625,0.005663827835209336,0.007079784794011669
flat,1,60,1,2,1000,88279.51953125,70623.615625,0.011327655670418673,0.014159569588023339
flat,1,60,1,3,1500,88279.51953125,70623.615625,0.01699148350562801,0.02123935438203501
flat,1,60,1,6,3000,88279.51953125,70623.615625,0.03398296701125602,0.04247870876407002
flat,1,61,1,0,0,81035.34765625,64828.278125,0.0,0.0
flat,1,61,1,1,500,81035.34765625,64828.278125,0.006170146910715902,0.0077126836383948775
flat,1,61,1,2,1000,81035.34765625,64828.278125,0.012340293821431803,0.015425367276789755
flat,1,61,1,3,1500,81035.34765625,64828.278125,0.018510440732147703,0.02313805091518463
flat,1,61,1,6,3000,81035.34765625,64828.278125,0.037020881464295406,0.04627610183036926
flat,1,62,1,0,0,79186.8125,63349.45,0.0,0.0
flat,1,62,1,1,500,79186.8125,63349.45,0.006314182680354763,0.007892728350443454
flat,1,62,1,2,1000,79186.8125,63349.45,0.012628365360709526,0.015785456700886907
flat,1,62,1,3,1500,79186.8125,63349.45,0.018942548041064287,0.02367818505133036
flat,1,62,1,6,3000,79186.8125,63349.45,0.037885096082128575,0.04735637010266072
flat,1,63,1,0,0,73462.31640625,58769.853125,0.0,0.0
flat,1,63,1,1,500,73462.31640625,58769.853125,0.006806210645945016,0.008507763307431271
flat,1,63,1,2,1000,73462.31640625,58769.853125,0.013612421291890033,0.017015526614862542
flat,1,63,1,3,1500,73462.31640625,58769.853125,0.02041863193783505,0.025523289922293812
flat,1,63,1,6,3000,73462.31640625,58769.853125,0.0408372638756701,0.051046579844587624
flat,2,0,2,0,0,6091.37109375,4873.096874999999,0.0,0.0
flat,2,0,2,1,500,6091.37109375,4873.096874999999,0.08208332611897849,0.10260415764872313
flat,2,0,2,2,1000,6091.37109375,4873.096874999999,0.16416665223795698,0.20520831529744626
flat,2,0,2,3,1500,6091.37109375,4873.096874999999,0.2462499783569355,0.3078124729461694
flat,2,0,2,12,6000,6091.37109375,4873.096874999999,0.984999913427742,1.2312498917846777
flat,2,1,2,0,0,7842.316406250001,6273.853125000001,0.0,0.0
flat,2,1,2,1,500,7842.316406250001,6273.853125000001,0.0637566726587977,0.07969584082349712
flat,2,1,2,2,1000,7842.316406250001,6273.853125000001,0.1275133453175954,0.15939168164699424
flat,2,1,2,3,1500,7842.316406250001,6273.853125000001,0.19127001797639306,0.23908752247049134
flat,2,1,2,12,6000,7842.316406250001,6273.853125000001,0.7650800719055723,0.9563500898819653
flat,2,2,2,0,0,11536.9921875,9229.59375,0.0,0.0
flat,2,2,2,1,500,11536.9921875,9229.59375,0.04333885226530149,0.054173565331626865
flat,2,2,2,2,1000,11536.9921875,9229.59375,0.08667770453060299,0.10834713066325373
flat,2,2,2,3,1500,11536.9921875,9229.59375,0.1300165567959045,0.1625206959948806
flat,2,2,2,12,6000,11536.9921875,9229.59375,0.520066227183618,0.6500827839795223
flat,2,3,2,0,0,12787.17578125,10229.740625,0.0,0.0
flat,2,3,2,1,500,12787.17578125,10229.740625,0.03910167565954293,0.04887709457442866
flat,2,3,2,2,1000,12787.17578125,10229.740625,0.07820335131908586,0.09775418914885732
flat,2,3,2,3,1500,12787.17578125,10229.740625,0.1173050269786288,0.146631283723286
flat,2,3,2,12,6000,12787.17578125,10229.740625,0.4692201079145152,0.586525134893144
flat,2,4,2,0,0,15417.722656250002,12334.178125000002,0.0,0.0
flat,2,4,2,1,500,15417.722656250002,12334.178125000002,0.032430211072535485,0.04053776384066935
flat,2,4,2,2,1000,15417.722656250002,12334.178125000002,0.06486042214507097,0.0810755276813387
flat,2,4,2,3,1500,15417.722656250002,12334.178125000002,0.09729063321760645,0.12161329152200806
flat,2,4,2,12,6000,15417.722656250002,12334.178125000002,0.3891625328704258,0.48645316608803224
flat,2,5,2,0,0,16488.44921875,13190.759374999998,0.0,0.0
flat,2,5,2,1,500,16488.44921875,13190.759374999998,0.030324258719941967,0.037905323399927464
flat,2,5,2,2,1000,16488.44921875,13190.759374999998,0.060648517439883934,0.07581064679985493
flat,2,5,2,3,1500,16488.44921875,13190.759374999998,0.09097277615982591,0.1137159701997824
flat,2,5,2,12,6000,16488.44921875,13190.759374999998,0.36389110463930363,0.4548638807991296
flat,2,6,2,0,0,19249.66015625,15399.728125,0.0,0.0
flat,2,6,2,1,500,19249.66015625,15399.728125,0.02597448453331055,0.03246810566663819
flat,2,6,2,2,1000,19249.66015625,15399.728125,0.0519489690666211,0.06493621133327639
flat,2,6,2,3,1500,19249.66015625,15399.728125,0.07792345359993165,0.09740431699991457
flat,2,6,2,12,6000,19249.66015625,15399.728125,0.3116938143997266,0.3896172679996583
flat,2,7,2,0,0,18666.0546875,14932.84375,0.0,0.0
flat,2,7,2,1,500,18666.0546875,14932.84375,0.026786592473386054,0.03348324059173257
flat,2,7,2,2,1000,18666.0546875,14932.84375,0.05357318494677211,0.06696648118346514
flat,2,7,2,3,1500,18666.0546875,14932.84375,0.08035977742015817,0.1004497217751977
flat,2,7,2,12,6000,18666.0546875,14932.84375,0.32143910968063266,0.4017988871007908
flat,2,8,2,0,0,18876.70703125,15101.365625,0.0,0.0
flat,2,8,2,1,500,18876.70703125,15101.365625,0.026487670713555088,0.033109588391943855
flat,2,8,2,2,1000,18876.70703125,15101.365625,0.052975341427110176,0.06621917678388771
flat,2,8,2,3,1500,18876.70703125,15101.365625,0.07946301214066526,0.09932876517583157
flat,2,8,2,12,6000,18876.70703125,15101.365625,0.317852048562661,0.3973150607033263
flat,2,9,2,0,0,19192.66015625,15354.128125,0.0,0.0
flat,2,9,2,1,500,19192.66015625,15354.128125,0.026051625774094547,0.03256453221761819
flat,2,9,2,2,1000,19192.66015625,15354.128125,0.052103251548189095,0.06512906443523638
flat,2,9,2,3,1500,19192.66015625,15354.128125,0.07815487732228364,0.09769359665285456
flat,2,9,2,12,6000,19192.66015625,15354.128125,0.31261950928913457,0.3907743866114182
flat,2,10,2,0,0,22044.421875,17635.5375,0.0,0.0
flat,2,10,2,1,500,22044.421875,17635.5375,0.022681474834549274,0.028351843543186594
flat,2,10,2,2,1000,22044.421875,17635.5375,0.04536294966909855,0.05670368708637319
flat,2,10,2,3,1500,22044.421875,17635.5375,0.06804442450364782,0.08505553062955978
flat,2,10,2,12,6000,22044.421875,17635.5375,0.2721776980145913,0.34022212251823913
flat,2,11,2,0,0,21356.30859375,17085.046875,0.0,0.0
flat,2,11,2,1,500,21356.30859375,17085.046875,0.02341228577987147,0.029265357224839337
flat,2,11,2,2,1000,21356.30859375,17085.046875,0.04682457155974294,0.058530714449678674
flat,2,11,2,3,1500,21356.30859375,17085.046875,0.0702368573396144,0.08779607167451801
flat,2,11,2,12,6000,21356.30859375,17085.046875,0.2809474293584576,0.35118428669807206
flat,2,12,2,0,0,24996.66796875,19997.334375,0.0,0.0
flat,2,12,2,1,500,24996.66796875,19997.334375,0.020002665980325192,0.025003332475406488
flat,2,12,2,2,1000,24996.66796875,19997.334375,0.040005331960650384,0.050006664950812976
flat,2,12,2,3,1500,24996.66796875,19997.334375,0.06000799794097557,0.07500999742621947
flat,2,12,2,12,6000,24996.66796875,19997.334375,0.24003199176390227,0.3000399897048779
flat,2,13,2,0,0,24144.546875,19315.6375,0.0,0.0
flat,2,13,2,1,500,24144.546875,19315.6375,0.020708609798667014,0.025885762248333766
flat,2,13,2,2,1000,24144.546875,19315.6375,0.04141721959733403,0.05177152449666753
flat,2,13,2,3,1500,24144.546875,19315.6375,0.06212582939600104,0.07765728674500129
flat,2,13,2,12,6000,24144.546875,19315.6375,0.24850331758400415,0.31062914698000516
flat,2,14,2,0,0,25775.18359375,20620.146875,0.0,0.0
flat,2,14,2,1,500,25775.18359375,20620.146875,0.019398503920695278,0.024248129900869102
flat,2,14,2,2,1000,25775.18359375,20620.146875,0.038797007841390556,0.048496259801738203
flat,2,14,2,3,1500,25775.18359375,20620.146875,0.05819551176208584,0.0727443897026073
flat,2,14,2,12,6000,25775.18359375,20620.146875,0.23278204704834335,0.2909775588104292
flat,2,15,2,0,0,24141.48046875,19313.184374999997,0.0,0.0
flat,2,15,2,1,500,24141.48046875,19313.184374999997,0.020711240168026408,0.025889050210033016
flat,2,15,2,2,1000,24141.48046875,19313.184374999997,0.041422480336052815,0.05177810042006603
flat,2,15,2,3,1500,24141.48046875,19313.184374999997,0.062133720504079226,0.07766715063009905
flat,2,15,2,12,6000,24141.48046875,19313.184374999997,0.2485348820163169,0.3106686025203962
flat,2,16,2,0,0,46851.63671875,37481.309375000004,0.0,0.0
flat,2,16,2,1,500,46851.63671875,37481.309375000004,0.010671985762236994,0.013339982202796242
flat,2,16,2,2,1000,46851.63671875,37481.309375000004,0.02134397152447399,0.026679964405592484
flat,2,16,2,3,1500,46851.63671875,37481.309375000004,0.032015957286710986,0.04001994660838873
flat,2,16,2,12,6000,46851.63671875,37481.309375000004,0.12806382914684394,0.16007978643355492
flat,2,17,2,0,0,47941.23046875,38352.984375,0.0,0.0
flat,2,17,2,1,500,47941.23046875,38352.984375,0.010429436105648558,0.013036795132060698
flat,2,17,2,2,1000,47941.23046875,38352.984375,0.020858872211297116,0.026073590264121396
flat,2,17,2,3,1500,47941.23046875,38352.984375,0.03128830831694567,0.03911038539618209
flat,2,17,2,12,6000,47941.23046875,38352.984375,0.1251532332677827,0.15644154158472837
flat,2,18,2,0,0,49359.74609375,39487.796875,0.0,0.0
flat,2,18,2,1,500,49359.74609375,39487.796875,0.010129711750346923,0.012662139687933654
flat,2,18,2,2,1000,49359.74609375,39487.796875,0.020259423500693846,0.025324279375867308
flat,2,18,2,3,1500,49359.74609375,39487.796875,0.03038913525104077,0.03798641906380096
flat,2,18,2,12,6000,49359.74609375,39487.796875,0.12155654100416308,0.15194567625520383
flat,2,19,2,0,0,45727.5390625,36582.03125,0.0,0.0
flat,2,19,2,1,500,45727.5390625,36582.03125,0.010934329951948745,0.013667912439935932
flat,2,19,2,2,1000,45727.5390625,36582.03125,0.02186865990389749,0.027335824879871864
flat,2,19,2,3,1500,45727.5390625,36582.03125,0.03280298985584624,0.0410037373198078
flat,2,19,2,12,6000,45727.5390625,36582.03125,0.13121195942338496,0.1640149492792312
flat,2,20,2,0,0,51039.08203125,40831.265625,0.0,0.0
flat,2,20,2,1,500,51039.08203125,40831.265625,0.009796414435782016,0.01224551804472752
flat,2,20,2,2,1000,51039.08203125,40831.265625,0.019592828871564032,0.02449103608945504
flat,2,20,2,3,1500,51039.08203125,40831.265625,0.029389243307346047,0.03673655413418256
flat,2,20,2,12,6000,51039.08203125,40831.265625,0.11755697322938419,0.14694621653673023
flat,2,21,2,0,0,47399.4609375,37919.568750000006,0.0,0.0
flat,2,21,2,1,500,47399.4609375,37919.568750000006,0.010548643172530806,0.013185803965663505
flat,2,21,2,2,1000,47399.4609375,37919.568750000006,0.02109728634506161,0.02637160793132701
flat,2,21,2,3,1500,47399.4609375,37919.568750000006,0.03164592951759242,0.03955741189699052
flat,2,21,2,12,6000,47399.4609375,37919.568750000006,0.12658371807036967,0.15822964758796207
flat,2,22,2,0,0,47517.83203125,38014.265625,0.0,0.0
flat,2,22,2,1,500,47517.83203125,38014.265625,0.010522365575752195,0.013152956969690243
flat,2,22,2,2,1000,47517.83203125,38014.265625,0.02104473115150439,0.026305913939380487
flat,2,22,2,3,1500,47517.83203125,38014.265625,0.031567096727256584,0.03945887090907073
flat,2,22,2,12,6000,47517.83203125,38014.265625,0.12626838690902634,0.15783548363628291
flat,2,23,2,0,0,43914.69140625,35131.753125,0.0,0.0
flat,2,23,2,1,500,43914.69140625,35131.753125,0.011385711341440494,0.014232139176800615
flat,2,23,2,2,1000,43914.69140625,35131.753125,0.022771422682880987,0.02846427835360123
flat,2,23,2,3,1500,43914.69140625,35131.753125,0.03415713402432148,0.04269641753040185
flat,2,23,2,12,6000,43914.69140625,35131.753125,0.13662853609728592,0.1707856701216074
flat,2,24,2,0,0,54098.68359375,43278.946874999994,0.0,0.0
flat,2,24,2,1,500,54098.68359375,43278.946874999994,0.00924236907046967,0.01155296133808709
flat,2,24,2,2,1000,54098.68359375,43278.946874999994,0.01848473814093934,0.02310592267617418
flat,2,24,2,3,1500,54098.68359375,43278.946874999994,0.027727107211409013,0.03465888401426127
flat,2,24,2,12,6000,54098.68359375,43278.946874999994,0.11090842884563605,0.13863553605704507
flat,2,25,2,0,0,51151.4921875,40921.19375,0.0,0.0
flat,2,25,2,1,500,51151.4921875,40921.19375,0.009774885904935264,0.01221860738116908
flat,2,25,2,2,1000,51151.4921875,40921.19375,0.01954977180987053,0.02443721476233816
flat,2,25,2,3,1500,51151.4921875,40921.19375,0.02932465771480579,0.03665582214350724
flat,2,25,2,12,6000,51151.4921875,40921.19375,0.11729863085922317,0.14662328857402895
flat,2,26,2,0,0,51352.6171875,41082.09375,0.0,0.0
flat,2,26,2,1,500,51352.6171875,41082.09375,0.009736602093217316,0.012170752616521644
flat,2,26,2,2,1000,51352.6171875,41082.09375,0.019473204186434633,0.02434150523304329
flat,2,26,2,3,1500,51352.6171875,41082.09375,0.029209806279651945,0.03651225784956493
flat,2,26,2,12,6000,51352.6171875,41082.09375,0.11683922511860778,0.14604903139825973
flat,2,27,2,0,0,47151.98828125,37721.590625000004,0.0,0.0
flat,2,27,2,1,500,47151.98828125,37721.590625000004,0.010604006707365618,0.01325500838420702
flat,2,27,2,2,1000,47151.98828125,37721.590625000004,0.021208013414731237,0.02651001676841404
flat,2,27,2,3,1500,47151.98828125,37721.590625000004,0.03181202012209685,0.039765025152621064
flat,2,27,2,12,6000,47151.98828125,37721.590625000004,0.1272480804883874,0.15906010061048426
flat,2,28,2,0,0,52737.453125,42189.9625,0.0,0.0
flat,2,28,2,1,500,52737.453125,42189.9625,0.00948092807619822,0.011851160095247773
flat,2,28,2,2,1000,52737.453125,42189.9625,0.01896185615239644,0.023702320190495545
flat,2,28,2,3,1500,52737.453125,42189.9625,0.028442784228594656,0.03555348028574332
flat,2,28,2,12,6000,52737.453125,42189.9625,0.11377113691437862,0.1422139211429733
flat,2,29,2,0,0,48484.21484375,38787.371875,0.0,0.0
flat,2,29,2,1,500,48484.21484375,38787.371875,0.0103126347742528,0.012890793467816
flat,2,29,2,2,1000,48484.21484375,38787.371875,0.0206252695485056,0.025781586935632
flat,2,29,2,3,1500,48484.21484375,38787.371875,0.0309379043227584,0.038672380403448
flat,2,29,2,12,6000,48484.21484375,38787.371875,0.1237516172910336,0.154689521613792
flat,2,30,2,0,0,48308.26171875,38646.609375,0.0,0.0
flat,2,30,2,1,500,48308.26171875,38646.609375,0.010350196471795917,0.012937745589744896
flat,2,30,2,2,1000,48308.26171875,38646.609375,0.020700392943591835,0.02587549117948979
flat,2,30,2,3,1500,48308.26171875,38646.609375,0.031050589415387752,0.03881323676923469
flat,2,30,2,12,6000,48308.26171875,38646.609375,0.12420235766155101,0.15525294707693876
flat,2,31,2,0,0,44895.19921875,35916.159375,0.0,0.0
flat,2,31,2,1,500,44895.19921875,35916.159375,0.01113704825239266,0.013921310315490824
flat,2,31,2,2,1000,44895.19921875,35916.159375,0.02227409650478532,0.027842620630981647
flat,2,31,2,3,1500,44895.19921875,35916.159375,0.03341114475717798,0.041763930946472475
flat,2,31,2,12,6000,44895.19921875,35916.159375,0.1336445790287119,0.1670557237858899
flat,2,32,2,0,0,76739.8046875,61391.84375,0.0,0.0
flat,2,32,2,1,500,76739.8046875,61391.84375,0.006515523489225717,0.008144404361532145
flat,2,32,2,2,1000,76739.8046875,61391.84375,0.013031046978451434,0.01628880872306429
flat,2,32,2,3,1500,76739.8046875,61391.84375,0.01954657046767715,0.024433213084596436
flat,2,32,2,12,6000,76739.8046875,61391.84375,0.0781862818707086,0.09773285233838575
flat,2,33,2,0,0,77588.21875,62070.575,0.0,0.0
flat,2,33,2,1,500,77588.21875,62070.575,0.006444277340752844,0.008055346675941056
flat,2,33,2,2,1000,77588.21875,62070.575,0.012888554681505689,0.016110693351882113
flat,2,33,2,3,1500,77588.21875,62070.575,0.019332832022258533,0.024166040027823167
flat,2,33,2,12,6000,77588.21875,62070.575,0.07733132808903413,0.09666416011129267
flat,2,34,2,0,0,77822.60546875,62258.08437499999,0.0,0.0
flat,2,34,2,1,500,77822.60546875,62258.08437499999,0.006424868416938021,0.008031085521172527
flat,2,34,2,2,1000,77822.60546875,62258.08437499999,0.012849736833876042,0.016062171042345055
flat,2,34,2,3,1500,77822.60546875,62258.08437499999,0.019274605250814064,0.024093256563517584
flat,2,34,2,12,6000,77822.60546875,62258.08437499999,0.07709842100325626,0.09637302625407033
flat,2,35,2,0,0,71202.8828125,56962.30625,0.0,0.0
flat,2,35,2,1,500,71202.8828125,56962.30625,0.007022187589183154,0.008777734486478943
flat,2,35,2,2,1000,71202.8828125,56962.30625,0.014044375178366307,0.017555468972957886
flat,2,35,2,3,1500,71202.8828125,56962.30625,0.021066562767549462,0.026333203459436825
flat,2,35,2,12,6000,71202.8828125,56962.30625,0.08426625107019785,0.1053328138377473
flat,2,36,2,0,0,78010.93359375,62408.746875000004,0.0,0.0
flat,2,36,2,1,500,78010.93359375,62408.746875000004,0.006409357983123259,0.008011697478904073
flat,2,36,2,2,1000,78010.93359375,62408.746875000004,0.012818715966246518,0.016023394957808145
flat,2,36,2,3,1500,78010.93359375,62408.746875000004,0.01922807394936978,0.02403509243671222
flat,2,36,2,12,6000,78010.93359375,62408.746875000004,0.07691229579747912,0.09614036974684888
flat,2,37,2,0,0,71786.86328125,57429.49062499999,0.0,0.0
flat,2,37,2,1,500,71786.86328125,57429.49062499999,0.006965062647201566,0.008706328309001959
flat,2,37,2,2,1000,71786.86328125,57429.49062499999,0.013930125294403132,0.017412656618003917
flat,2,37,2,3,1500,71786.86328125,57429.49062499999,0.020895187941604696,0.026118984927005876
flat,2,37,2,12,6000,71786.86328125,57429.49062499999,0.08358075176641878,0.1044759397080235
flat,2,38,2,0,0,70449.52734375,56359.621875000004,0.0,0.0
flat,2,38,2,1,500,70449.52734375,56359.621875000004,0.007097279695863822,0.008871599619829777
flat,2,38,2,2,1000,70449.52734375,56359.621875000004,0.014194559391727644,0.017743199239659554
flat,2,38,2,3,1500,70449.52734375,56359.621875000004,0.021291839087591465,0.02661479885948933
flat,2,38,2,12,6000,70449.52734375,56359.621875000004,0.08516735635036586,0.10645919543795732
flat,2,39,2,0,0,64642.17968750001,51713.74375000001,0.0,0.0
flat,2,39,2,1,500,64642.17968750001,51713.74375000001,0.007734887691243587,0.009668609614054482
flat,2,39,2,2,1000,64642.17968750001,51713.74375000001,0.015469775382487174,0.019337219228108965
flat,2,39,2,3,1500,64642.17968750001,51713.74375000001,0.02320466307373076,0.029005828842163447
flat,2,39,2,12,6000,64642.17968750001,51713.74375000001,0.09281865229492305,0.11602331536865379
flat,2,40,2,0,0,81792.0390625,65433.63124999999,0.0,0.0
flat,2,40,2,1,500,81792.0390625,65433.63124999999,0.006113064373146799,0.007641330466433499
flat,2,40,2,2,1000,81792.0390625,65433.63124999999,0.012226128746293597,0.015282660932866997
flat,2,40,2,3,1500,81792.0390625,65433.63124999999,0.018339193119440395,0.022923991399300497
flat,2,40,2,12,6000,81792.0390625,65433.63124999999,0.07335677247776158,0.09169596559720199
flat,2,41,2,0,0,76827.921875,61462.33750000001,0.0,0.0
flat,2,41,2,1,500,76827.921875,61462.33750000001,0.006508050560231296,0.008135063200289118
flat,2,41,2,2,1000,76827.921875,61462.33750000001,0.013016101120462592,0.016270126400578237
flat,2,41,2,3,1500,76827.921875,61462.33750000001,0.019524151680693887,0.024405189600867357
flat,2,41,2,12,6000,76827.921875,61462.33750000001,0.07809660672277555,0.09762075840346943
flat,2,42,2,0,0,75947.27734375,60757.821875,0.0,0.0
flat,2,42,2,1,500,75947.27734375,60757.821875,0.006583514478562765,0.008229393098203456
flat,2,42,2,2,1000,75947.27734375,60757.821875,0.01316702895712553,0.01645878619640691
flat,2,42,2,3,1500,75947.27734375,60757.821875,0.019750543435688297,0.02468817929461037
flat,2,42,2,12,6000,75947.27734375,60757.821875,0.07900217374275319,0.09875271717844147
flat,2,43,2,0,0,69076.75390625,55261.403125,0.0,0.0
flat,2,43,2,1,500,69076.75390625,55261.403125,0.0072383250764590495,0.009047906345573812
flat,2,43,2,2,1000,69076.75390625,55261.403125,0.014476650152918099,0.018095812691147625
flat,2,43,2,3,1500,69076.75390625,55261.403125,0.02171497522937715,0.02714371903672144
flat,2,43,2,12,6000,69076.75390625,55261.403125,0.0868599009175086,0.10857487614688575
flat,2,44,2,0,0,76276.953125,61021.5625,0.0,0.0
flat,2,44,2,1,500,76276.953125,61021.5625,0.006555059942950494,0.008193824928688117
flat,2,44,2,2,1000,76276.953125,61021.5625,0.013110119885900988,0.016387649857376233
flat,2,44,2,3,1500,76276.953125,61021.5625,0.019665179828851482,0.02458147478606435
flat,2,44,2,12,6000,76276.953125,61021.5625,0.07866071931540593,0.0983258991442574
flat,2,45,2,0,0,69569.21875,55655.375,0.0,0.0
flat,2,45,2,1,500,69569.21875,55655.375,0.007187086602147591,0.008983858252684489
flat,2,45,2,2,1000,69569.21875,55655.375,0.014374173204295182,0.017967716505368977
flat,2,45,2,3,1500,69569.21875,55655.375,0.021561259806442773,0.026951574758053466
flat,2,45,2,12,6000,69569.21875,55655.375,0.08624503922577109,0.10780629903221386
flat,2,46,2,0,0,68319.34375,54655.47499999999,0.0,0.0
flat,2,46,2,1,500,68319.34375,54655.47499999999,0.007318571469738393,0.009148214337172993
flat,2,46,2,2,1000,68319.34375,54655.47499999999,0.014637142939476787,0.018296428674345985
flat,2,46,2,3,1500,68319.34375,54655.47499999999,0.02195571440921518,0.027444643011518978
flat,2,46,2,12,6000,68319.34375,54655.47499999999,0.08782285763686072,0.10977857204607591
flat,2,47,2,0,0,62905.46093750001,50324.36875000001,0.0,0.0
flat,2,47,2,1,500,62905.46093750001,50324.36875000001,0.007948435518130566,0.009935544397663207
flat,2,47,2,2,1000,62905.46093750001,50324.36875000001,0.015896871036261133,0.019871088795326414
flat,2,47,2,3,1500,62905.46093750001,50324.36875000001,0.0238453065543917,0.029806633192989623
flat,2,47,2,12,6000,62905.46093750001,50324.36875000001,0.0953812262175668,0.1192265327719585
flat,2,48,2,0,0,100099.5078125,80079.60625,0.0,0.0
flat,2,48,2,1,500,100099.5078125,80079.60625,0.004995029555355737,0.0062437869441946715
flat,2,48,2,2,1000,100099.5078125,80079.60625,0.009990059110711474,0.012487573888389343
flat,2,48,2,3,1500,100099.5078125,80079.60625,0.01498508866606721,0.018731360832584015
flat,2,48,2,12,6000,100099.5078125,80079.60625,0.05994035466426884,0.07492544333033606
flat,2,49,2,0,0,90292.6640625,72234.13125,0.0,0.0
flat,2,49,2,1,500,90292.6640625,72234.13125,0.005537548428673045,0.006921935535841306
flat,2,49,2,2,1000,90292.6640625,72234.13125,0.01107509685734609,0.013843871071682612
flat,2,49,2,3,1500,90292.6640625,72234.13125,0.016612645286019134,0.020765806607523918
flat,2,49,2,12,6000,90292.6640625,72234.13125,0.06645058114407654,0.08306322643009567
flat,2,50,2,0,0,87939.52734375,70351.62187500001,0.0,0.0
flat,2,50,2,1,500,87939.52734375,70351.62187500001,0.005685725351303424,0.007107156689129279
flat,2,50,2,2,1000,87939.52734375,70351.62187500001,0.011371450702606848,0.014214313378258557
flat,2,50,2,3,1500,87939.52734375,70351.62187500001,0.017057176053910272,0.021321470067387834
flat,2,50,2,12,6000,87939.52734375,70351.62187500001,0.06822870421564109,0.08528588026955133
flat,2,51,2,0,0,79742.03515625,63793.628125,0.0,0.0
flat,2,51,2,1,500,79742.03515625,63793.628125,0.006270218699839781,0.007837773374799727
flat,2,51,2,2,1000,79742.03515625,63793.628125,0.012540437399679562,0.015675546749599454
flat,2,51,2,3,1500,79742.03515625,63793.628125,0.018810656099519343,0.02351332012439918
flat,2,51,2,12,6000,79742.03515625,63793.628125,0.07524262439807737,0.09405328049759672
flat,2,52,2,0,0,87715.6953125,70172.55625000001,0.0,0.0
flat,2,52,2,1,500,87715.6953125,70172.55625000001,0.0057002341282102005,0.00712529266026275
flat,2,52,2,2,1000,87715.6953125,70172.55625000001,0.011400468256420401,0.0142505853205255
flat,2,52,2,3,1500,87715.6953125,70172.55625000001,0.0171007023846306,0.021375877980788247
flat,2,52,2,12,6000,87715.6953125,70172.55625000001,0.0684028095385224,0.08550351192315299
flat,2,53,2,0,0,79737.73828125,63790.190624999996,0.0,0.0
flat,2,53,2,1,500,79737.73828125,63790.190624999996,0.006270556586849829,0.007838195733562288
flat,2,53,2,2,1000,79737.73828125,63790.190624999996,0.012541113173699658,0.015676391467124576
flat,2,53,2,3,1500,79737.73828125,63790.190624999996,0.018811669760549488,0.023514587200686863
flat,2,53,2,12,6000,79737.73828125,63790.190624999996,0.07524667904219795,0.09405834880274745
flat,2,54,2,0,0,78024.703125,62419.762500000004,0.0,0.0
flat,2,54,2,1,500,78024.703125,62419.762500000004,0.006408226881670689,0.00801028360208836
flat,2,54,2,2,1000,78024.703125,62419.762500000004,0.012816453763341378,0.01602056720417672
flat,2,54,2,3,1500,78024.703125,62419.762500000004,0.019224680645012066,0.024030850806265082
flat,2,54,2,12,6000,78024.703125,62419.762500000004,0.07689872258004826,0.09612340322506033
flat,2,55,2,0,0,71962.55078125,57570.040625,0.0,0.0
flat,2,55,2,1,500,71962.55078125,57570.040625,0.00694805832438997,0.008685072905487463
flat,2,55,2,2,1000,71962.55078125,57570.040625,0.01389611664877994,0.017370145810974926
flat,2,55,2,3,1500,71962.55078125,57570.040625,0.02084417497316991,0.026055218716462387
flat,2,55,2,12,6000,71962.55078125,57570.040625,0.08337669989267964,0.10422087486584955
flat,2,56,2,0,0,95665.3671875,76532.29375,0.0,0.0
flat,2,56,2,1,500,95665.3671875,76532.29375,0.005226551830612028,0.006533189788265036
flat,2,56,2,2,1000,95665.3671875,76532.29375,0.010453103661224056,0.013066379576530071
flat,2,56,2,3,1500,95665.3671875,76532.29375,0.015679655491836086,0.019599569364795108
flat,2,56,2,12,6000,95665.3671875,76532.29375,0.06271862196734435,0.07839827745918043
flat,2,57,2,0,0,86119.89453125,68895.91562500001,0.0,0.0
flat,2,57,2,1,500,86119.89453125,68895.91562500001,0.005805859409390787,0.007257324261738483
flat,2,57,2,2,1000,86119.89453125,68895.91562500001,0.011611718818781574,0.014514648523476966
flat,2,57,2,3,1500,86119.89453125,68895.91562500001,0.017417578228172362,0.02177197278521545
flat,2,57,2,12,6000,86119.89453125,68895.91562500001,0.06967031291268945,0.0870878911408618
flat,2,58,2,0,0,83655.42578125,66924.340625,0.0,0.0
flat,2,58,2,1,500,83655.42578125,66924.340625,0.005976898633059936,0.00747112329132492
flat,2,58,2,2,1000,83655.42578125,66924.340625,0.011953797266119871,0.01494224658264984
flat,2,58,2,3,1500,83655.42578125,66924.340625,0.017930695899179807,0.02241336987397476
flat,2,58,2,12,6000,83655.42578125,66924.340625,0.07172278359671923,0.08965347949589904
flat,2,59,2,0,0,76750.98828125,61400.79062500001,0.0,0.0
flat,2,59,2,1,500,76750.98828125,61400.79062500001,0.006514574094704502,0.008143217618380626
flat,2,59,2,2,1000,76750.98828125,61400.79062500001,0.013029148189409003,0.01628643523676125
flat,2,59,2,3,1500,76750.98828125,61400.79062500001,0.019543722284113503,0.024429652855141877
flat,2,59,2,12,6000,76750.98828125,61400.79062500001,0.07817488913645401,0.09771861142056751
flat,2,60,2,0,0,83562.125,66849.7,0.0,0.0
flat,2,60,2,1,500,83562.125,66849.7,0.005983572102791785,0.007479465128489732
flat,2,60,2,2,1000,83562.125,66849.7,0.01196714420558357,0.014958930256979464
flat,2,60,2,3,1500,83562.125,66849.7,0.017950716308375355,0.022438395385469195
flat,2,60,2,12,6000,83562.125,66849.7,0.07180286523350142,0.08975358154187678
flat,2,61,2,0,0,76725.26953125,61380.215625000004,0.0,0.0
flat,2,61,2,1,500,76725.26953125,61380.215625000004,0.0065167578172710275,0.008145947271588783
flat,2,61,2,2,1000,76725.26953125,61380.215625000004,0.013033515634542055,0.016291894543177567
flat,2,61,2,3,1500,76725.26953125,61380.215625000004,0.01955027345181308,0.02443784181476635
flat,2,61,2,12,6000,76725.26953125,61380.215625000004,0.07820109380725232,0.0977513672590654
flat,2,62,2,0,0,75179.62890625,60143.703125,0.0,0.0
flat,2,62,2,1,500,75179.62890625,60143.703125,0.006650737803235324,0.008313422254044155
flat,2,62,2,2,1000,75179.62890625,60143.703125,0.013301475606470648,0.01662684450808831
flat,2,62,2,3,1500,75179.62890625,60143.703125,0.019952213409705974,0.024940266762132464
flat,2,62,2,12,6000,75179.62890625,60143.703125,0.0798088536388239,0.09976106704852986
flat,2,63,2,0,0,69928.18359375,55942.546875,0.0,0.0
flat,2,63,2,1,500,69928.18359375,55942.546875,0.007150192873659723,0.008937741092074654
flat,2,63,2,2,1000,69928.18359375,55942.546875,0.014300385747319446,0.01787548218414931
flat,2,63,2,3,1500,69928.18359375,55942.546875,0.02145057862097917,0.02681322327622396
flat,2,63,2,12,6000,69928.18359375,55942.546875,0.08580231448391668,0.10725289310489584
